source_id,label,image_type,filename,split,chi_square_score,rs_score,dh_score,chi_square_p_value,rs_statistic,dh_raw_roughness,chi_square_diagnostics,rs_diagnostics,dh_diagnostics,status,error
source-001,clean,clean,pair_001_clean.png,development,0.0,0.19643855306236524,0.3642559001895524,0.0,0.19643855306236524,0.572959938280447,"{""chi_square"":43077.68662093882,""p_value"":0.0,""samples_analyzed"":196608,""value_pairs_analyzed"":110}","{""channels_analyzed"":3,""groups_analyzed"":49152,""regular_groups"":14983,""rs_statistic"":0.19643855306236524,""samples_analyzed"":196608,""singular_groups"":10063,""unchanged_groups"":24106}","{""channels"":[{""central_radius"":32,""central_total"":128298,""channel"":""R"",""histogram_total"":130560,""roughness"":0.5676939624935696,""variation"":72834,""zero_difference_count"":36456,""zero_difference_fraction"":0.2792279411764706},{""central_radius"":32,""central_total"":128335,""channel"":""G"",""histogram_total"":130560,""roughness"":0.5813145283827483,""variation"":74603,""zero_difference_count"":37302,""zero_difference_fraction"":0.2857077205882353},{""central_radius"":32,""central_total"":126597,""channel"":""B"",""histogram_total"":130560,""roughness"":0.5698713239650228,""variation"":72144,""zero_difference_count"":36165,""zero_difference_fraction"":0.2769990808823529}],""raw_roughness"":0.572959938280447,""score_normalization"":""raw_roughness / (1 + raw_roughness)""}",complete,
source-001,stego,stego,pair_001_stego.png,development,0.0,0.156974412448865,0.3211685538666122,0.0,0.156974412448865,0.4731197349444884,"{""chi_square"":23997.148444259852,""p_value"":0.0,""samples_analyzed"":196608,""value_pairs_analyzed"":110}","{""channels_analyzed"":3,""groups_analyzed"":49152,""regular_groups"":14424,""rs_statistic"":0.156974412448865,""samples_analyzed"":196608,""singular_groups"":10510,""unchanged_groups"":24218}","{""channels"":[{""central_radius"":32,""central_total"":128304,""channel"":""R"",""histogram_total"":130560,""roughness"":0.46625202643721164,""variation"":59822,""zero_difference_count"":29989,""zero_difference_fraction"":0.2296951593137255},{""central_radius"":32,""central_total"":128330,""channel"":""G"",""histogram_total"":130560,""roughness"":0.48251383152809163,""variation"":61921,""zero_difference_count"":31005,""zero_difference_fraction"":0.23747702205882354},{""central_radius"":32,""central_total"":126587,""channel"":""B"",""histogram_total"":130560,""roughness"":0.47059334686816184,""variation"":59571,""zero_difference_count"":29855,""zero_difference_fraction"":0.2286688112745098}],""raw_roughness"":0.4731197349444884,""score_normalization"":""raw_roughness / (1 + raw_roughness)""}",complete,
source-002,clean,clean,pair_002_clean.png,development,0.0,0.3555874993345046,0.48603686693608505,0.0,0.3555874993345046,0.9456648457227824,"{""chi_square"":5630.402298377349,""p_value"":0.0,""samples_analyzed"":196608,""value_pairs_analyzed"":99}","{""channels_analyzed"":3,""groups_analyzed"":49152,""regular_groups"":12731,""rs_statistic"":0.3555874993345046,""samples_analyzed"":196608,""singular_groups"":6052,""unchanged_groups"":30369}","{""channels"":[{""central_radius"":32,""central_total"":129564,""channel"":""R"",""histogram_total"":130560,""roughness"":0.9440199438115526,""variation"":122311,""zero_difference_count"":61177,""zero_difference_fraction"":0.4685738357843137},{""central_radius"":32,""central_total"":129544,""channel"":""G"",""histogram_total"":130560,""roughness"":0.9484499475081826,""variation"":122866,""zero_difference_count"":61458,""zero_difference_fraction"":0.47072610294117645},{""central_radius"":32,""central_total"":129535,""channel"":""B"",""histogram_total"":130560,""roughness"":0.9445246458486124,""variation"":122349,""zero_difference_count"":61200,""zero_difference_fraction"":0.46875}],""raw_roughness"":0.9456648457227824,""score_normalization"":""raw_roughness / (1 + raw_roughness)""}",complete,
source-002,stego,stego,pair_002_stego.png,development,0.0,0.27320217850394574,0.4350452684637394,0.0,0.27320217850394574,0.7700533231764194,"{""chi_square"":3198.569187844348,""p_value"":0.0,""samples_analyzed"":196608,""value_pairs_analyzed"":99}","{""channels_analyzed"":3,""groups_analyzed"":49152,""regular_groups"":11455,""rs_statistic"":0.27320217850394574,""samples_analyzed"":196608,""singular_groups"":6539,""unchanged_groups"":31158}","{""channels"":[{""central_radius"":32,""central_total"":129566,""channel"":""R"",""histogram_total"":130560,""roughness"":0.7647839711035302,""variation"":99090,""zero_difference_count"":49575,""zero_difference_fraction"":0.37971047794117646},{""central_radius"":32,""central_total"":129539,""channel"":""G"",""histogram_total"":130560,""roughness"":0.7761523556612294,""variation"":100542,""zero_difference_count"":50284,""zero_difference_fraction"":0.385140931372549},{""central_radius"":32,""central_total"":129528,""channel"":""B"",""histogram_total"":130560,""roughness"":0.7692236427644988,""variation"":99636,""zero_difference_count"":49822,""zero_difference_fraction"":0.38160232843137254}],""raw_roughness"":0.7700533231764194,""score_normalization"":""raw_roughness / (1 + raw_roughness)""}",complete,
source-003,clean,clean,pair_003_clean.png,development,0.0,0.29854805640403365,0.38098457240399797,0.0,0.29854805640403365,0.6154686222984511,"{""chi_square"":44020.53956995955,""p_value"":0.0,""samples_analyzed"":196608,""value_pairs_analyzed"":116}","{""channels_analyzed"":3,""groups_analyzed"":49152,""regular_groups"":15517,""rs_statistic"":0.29854805640403365,""samples_analyzed"":196608,""singular_groups"":8382,""unchanged_groups"":25253}","{""channels"":[{""central_radius"":32,""central_total"":125838,""channel"":""R"",""histogram_total"":130560,""roughness"":0.615394395969421,""variation"":77440,""zero_difference_count"":38793,""zero_difference_fraction"":0.29712775735294117},{""central_radius"":32,""central_total"":126238,""channel"":""G"",""histogram_total"":130560,""roughness"":0.6206609737163137,""variation"":78351,""zero_difference_count"":39225,""zero_difference_fraction"":0.3004365808823529},{""central_radius"":32,""central_total"":126506,""channel"":""B"",""histogram_total"":130560,""roughness"":0.6103504972096185,""variation"":77213,""zero_difference_count"":38607,""zero_difference_fraction"":0.295703125}],""raw_roughness"":0.6154686222984511,""score_normalization"":""raw_roughness / (1 + raw_roughness)""}",complete,
source-003,stego,stego,pair_003_stego.png,development,0.0,0.23087356419276905,0.3372848516433849,0.0,0.23087356419276905,0.5089439293484926,"{""chi_square"":24474.643994123828,""p_value"":0.0,""samples_analyzed"":196608,""value_pairs_analyzed"":116}","{""channels_analyzed"":3,""groups_analyzed"":49152,""regular_groups"":14520,""rs_statistic"":0.23087356419276905,""samples_analyzed"":196608,""singular_groups"":9073,""unchanged_groups"":25559}","{""channels"":[{""central_radius"":32,""central_total"":125837,""channel"":""R"",""histogram_total"":130560,""roughness"":0.5076567305323554,""variation"":63882,""zero_difference_count"":32059,""zero_difference_fraction"":0.2455499387254902},{""central_radius"":32,""central_total"":126230,""channel"":""G"",""histogram_total"":130560,""roughness"":0.513499168185059,""variation"":64819,""zero_difference_count"":32471,""zero_difference_fraction"":0.24870557598039217},{""central_radius"":32,""central_total"":126500,""channel"":""B"",""histogram_total"":130560,""roughness"":0.5056758893280633,""variation"":63968,""zero_difference_count"":32043,""zero_difference_fraction"":0.24542738970588235}],""raw_roughness"":0.5089439293484926,""score_normalization"":""raw_roughness / (1 + raw_roughness)""}",complete,
source-004,clean,clean,pair_004_clean.png,development,0.0,0.3049927290353854,0.4431917837496501,0.0,0.3049927290353854,0.7959505100951744,"{""chi_square"":65508.066792381156,""p_value"":0.0,""samples_analyzed"":196608,""value_pairs_analyzed"":85}","{""channels_analyzed"":3,""groups_analyzed"":49152,""regular_groups"":13461,""rs_statistic"":0.3049927290353854,""samples_analyzed"":196608,""singular_groups"":7169,""unchanged_groups"":28522}","{""channels"":[{""central_radius"":32,""central_total"":128480,""channel"":""R"",""histogram_total"":130560,""roughness"":0.79515099626401,""variation"":102161,""zero_difference_count"":51106,""zero_difference_fraction"":0.39143688725490194},{""central_radius"":32,""central_total"":128916,""channel"":""G"",""histogram_total"":130560,""roughness"":0.8036706072171026,""variation"":103606,""zero_difference_count"":51758,""zero_difference_fraction"":0.39643075980392156},{""central_radius"":32,""central_total"":129516,""channel"":""B"",""histogram_total"":130560,""roughness"":0.7890299268044103,""variation"":102192,""zero_difference_count"":51091,""zero_difference_fraction"":0.3913219975490196}],""raw_roughness"":0.7959505100951744,""score_normalization"":""raw_roughness / (1 + raw_roughness)""}",complete,
source-004,stego,stego,pair_004_stego.png,development,0.0,0.2204554377699254,0.3926909263513716,0.0,0.2204554377699254,0.6466080343442576,"{""chi_square"":36634.57468478511,""p_value"":0.0,""samples_analyzed"":196608,""value_pairs_analyzed"":85}","{""channels_analyzed"":3,""groups_analyzed"":49152,""regular_groups"":12434,""rs_statistic"":0.2204554377699254,""samples_analyzed"":196608,""singular_groups"":7942,""unchanged_groups"":28776}","{""channels"":[{""central_radius"":32,""central_total"":128476,""channel"":""R"",""histogram_total"":130560,""roughness"":0.6463619664373113,""variation"":83042,""zero_difference_count"":41540,""zero_difference_fraction"":0.31816789215686275},{""central_radius"":32,""central_total"":128911,""channel"":""G"",""histogram_total"":130560,""roughness"":0.6529621211533538,""variation"":84174,""zero_difference_count"":42085,""zero_difference_fraction"":0.3223422181372549},{""central_radius"":32,""central_total"":129516,""channel"":""B"",""histogram_total"":130560,""roughness"":0.6405000154421076,""variation"":82955,""zero_difference_count"":41497,""zero_difference_fraction"":0.31783854166666664}],""raw_roughness"":0.6466080343442576,""score_normalization"":""raw_roughness / (1 + raw_roughness)""}",complete,
source-005,clean,clean,pair_005_clean.png,development,0.0,0.2083762223365929,0.2781525201108679,0.0,0.2083762223365929,0.38533419851183676,"{""chi_square"":3383.957955743077,""p_value"":0.0,""samples_analyzed"":196608,""value_pairs_analyzed"":128}","{""channels_analyzed"":3,""groups_analyzed"":49152,""regular_groups"":18783,""rs_statistic"":0.2083762223365929,""samples_analyzed"":196608,""singular_groups"":12305,""unchanged_groups"":18064}","{""channels"":[{""central_radius"":32,""central_total"":114518,""channel"":""R"",""histogram_total"":130560,""roughness"":0.37897099145985785,""variation"":43399,""zero_difference_count"":21967,""zero_difference_fraction"":0.16825214460784313},{""central_radius"":32,""central_total"":113874,""channel"":""G"",""histogram_total"":130560,""roughness"":0.3840384986915363,""variation"":43732,""zero_difference_count"":22088,""zero_difference_fraction"":0.16917892156862746},{""central_radius"":32,""central_total"":114002,""channel"":""B"",""histogram_total"":130560,""roughness"":0.3929931053841161,""variation"":44802,""zero_difference_count"":22611,""zero_difference_fraction"":0.17318474264705883}],""raw_roughness"":0.38533419851183676,""score_normalization"":""raw_roughness / (1 + raw_roughness)""}",complete,
source-005,stego,stego,pair_005_stego.png,development,5.080585510746346e-259,0.16963195246740387,0.2489524633294541,5.080585510746346e-259,0.16963195246740387,0.3314736433769297,"{""chi_square"":1953.1725492776832,""p_value"":5.080585510746346e-259,""samples_analyzed"":196608,""value_pairs_analyzed"":128}","{""channels_analyzed"":3,""groups_analyzed"":49152,""regular_groups"":17717,""rs_statistic"":0.16963195246740387,""samples_analyzed"":196608,""singular_groups"":12578,""unchanged_groups"":18857}","{""channels"":[{""central_radius"":32,""central_total"":114494,""channel"":""R"",""histogram_total"":130560,""roughness"":0.325204814226073,""variation"":37234,""zero_difference_count"":18923,""zero_difference_fraction"":0.14493719362745097},{""central_radius"":32,""central_total"":113888,""channel"":""G"",""histogram_total"":130560,""roughness"":0.3310445349817364,""variation"":37702,""zero_difference_count"":19107,""zero_difference_fraction"":0.14634650735294116},{""central_radius"":32,""central_total"":114022,""channel"":""B"",""histogram_total"":130560,""roughness"":0.3381715809229798,""variation"":38559,""zero_difference_count"":19633,""zero_difference_fraction"":0.150375306372549}],""raw_roughness"":0.3314736433769297,""score_normalization"":""raw_roughness / (1 + raw_roughness)""}",complete,
source-006,clean,clean,pair_006_clean.png,development,0.0,0.28655359716217715,0.5998170301342138,0.0,0.28655359716217715,1.4988569611929794,"{""chi_square"":9515.963436820402,""p_value"":0.0,""samples_analyzed"":196608,""value_pairs_analyzed"":117}","{""channels_analyzed"":3,""groups_analyzed"":49152,""regular_groups"":5803,""rs_statistic"":0.28655359716217715,""samples_analyzed"":196608,""singular_groups"":3218,""unchanged_groups"":40131}","{""channels"":[{""central_radius"":32,""central_total"":128610,""channel"":""R"",""histogram_total"":130560,""roughness"":1.4968120674908638,""variation"":192505,""zero_difference_count"":96261,""zero_difference_fraction"":0.7372931985294118},{""central_radius"":32,""central_total"":128652,""channel"":""G"",""histogram_total"":130560,""roughness"":1.503357895718683,""variation"":193410,""zero_difference_count"":96717,""zero_difference_fraction"":0.7407858455882353},{""central_radius"":32,""central_total"":128644,""channel"":""B"",""histogram_total"":130560,""roughness"":1.4964009203693915,""variation"":192503,""zero_difference_count"":96250,""zero_difference_fraction"":0.7372089460784313}],""raw_roughness"":1.4988569611929794,""score_normalization"":""raw_roughness / (1 + raw_roughness)""}",complete,
source-006,stego,stego,pair_006_stego.png,development,0.0,0.21400866986082592,0.5421916308237921,0.0,0.21400866986082592,1.1843200503289737,"{""chi_square"":5376.7293162959495,""p_value"":0.0,""samples_analyzed"":196608,""value_pairs_analyzed"":117}","{""channels_analyzed"":3,""groups_analyzed"":49152,""regular_groups"":5321,""rs_statistic"":0.21400866986082592,""samples_analyzed"":196608,""singular_groups"":3445,""unchanged_groups"":40386}","{""channels"":[{""central_radius"":32,""central_total"":128603,""channel"":""R"",""histogram_total"":130560,""roughness"":1.1871029447213517,""variation"":152665,""zero_difference_count"":76352,""zero_difference_fraction"":0.5848039215686275},{""central_radius"":32,""central_total"":128652,""channel"":""G"",""histogram_total"":130560,""roughness"":1.1856714236856014,""variation"":152539,""zero_difference_count"":76290,""zero_difference_fraction"":0.5843290441176471},{""central_radius"":32,""central_total"":128645,""channel"":""B"",""histogram_total"":130560,""roughness"":1.1801857825799682,""variation"":151825,""zero_difference_count"":75854,""zero_difference_fraction"":0.5809895833333333}],""raw_roughness"":1.1843200503289737,""score_normalization"":""raw_roughness / (1 + raw_roughness)""}",complete,
source-007,clean,clean,pair_007_clean.png,development,0.0,0.33081876724931003,0.4505089141873406,0.0,0.33081876724931003,0.8198657372595392,"{""chi_square"":61222.66731113133,""p_value"":0.0,""samples_analyzed"":196608,""value_pairs_analyzed"":119}","{""channels_analyzed"":3,""groups_analyzed"":49152,""regular_groups"":14466,""rs_statistic"":0.33081876724931003,""samples_analyzed"":196608,""singular_groups"":7274,""unchanged_groups"":27412}","{""channels"":[{""central_radius"":32,""central_total"":119646,""channel"":""R"",""histogram_total"":130560,""roughness"":0.8294803002189793,""variation"":99244,""zero_difference_count"":49656,""zero_difference_fraction"":0.38033088235294116},{""central_radius"":32,""central_total"":121203,""channel"":""G"",""histogram_total"":130560,""roughness"":0.8292699025601676,""variation"":100510,""zero_difference_count"":50283,""zero_difference_fraction"":0.38513327205882353},{""central_radius"":32,""central_total"":122785,""channel"":""B"",""histogram_total"":130560,""roughness"":0.8008470089994706,""variation"":98332,""zero_difference_count"":49149,""zero_difference_fraction"":0.37644761029411766}],""raw_roughness"":0.8198657372595392,""score_normalization"":""raw_roughness / (1 + raw_roughness)""}",complete,
source-007,stego,stego,pair_007_stego.png,development,0.0,0.252581451270687,0.4012873802811619,0.0,0.252581451270687,0.6702504124092302,"{""chi_square"":34606.94577260087,""p_value"":0.0,""samples_analyzed"":196608,""value_pairs_analyzed"":119}","{""channels_analyzed"":3,""groups_analyzed"":49152,""regular_groups"":13283,""rs_statistic"":0.252581451270687,""samples_analyzed"":196608,""singular_groups"":7926,""unchanged_groups"":27943}","{""channels"":[{""central_radius"":32,""central_total"":119664,""channel"":""R"",""histogram_total"":130560,""roughness"":0.6796530284797433,""variation"":81330,""zero_difference_count"":40732,""zero_difference_fraction"":0.31197916666666664},{""central_radius"":32,""central_total"":121192,""channel"":""G"",""histogram_total"":130560,""roughness"":0.6801026470394086,""variation"":82423,""zero_difference_count"":41321,""zero_difference_fraction"":0.31649050245098037},{""central_radius"":32,""central_total"":122795,""channel"":""B"",""histogram_total"":130560,""roughness"":0.6509955617085387,""variation"":79939,""zero_difference_count"":40003,""zero_difference_fraction"":0.3063955269607843}],""raw_roughness"":0.6702504124092302,""score_normalization"":""raw_roughness / (1 + raw_roughness)""}",complete,
source-008,clean,clean,pair_008_clean.png,development,0.9926569350151632,0.16635017090770984,0.10813984597459966,0.9926569350151632,0.16635017090770984,0.12125202083141816,"{""chi_square"":176.5520013912937,""p_value"":0.9926569350151632,""samples_analyzed"":196608,""value_pairs_analyzed"":113}","{""channels_analyzed"":3,""groups_analyzed"":49152,""regular_groups"":18426,""rs_statistic"":0.16635017090770984,""samples_analyzed"":196608,""singular_groups"":13170,""unchanged_groups"":17556}","{""channels"":[{""central_radius"":32,""central_total"":123001,""channel"":""R"",""histogram_total"":130560,""roughness"":0.1176738400500809,""variation"":14474,""zero_difference_count"":7445,""zero_difference_fraction"":0.05702359068627451},{""central_radius"":32,""central_total"":123301,""channel"":""G"",""histogram_total"":130560,""roughness"":0.12240776636037015,""variation"":15093,""zero_difference_count"":7789,""zero_difference_fraction"":0.05965839460784314},{""central_radius"":32,""central_total"":124100,""channel"":""B"",""histogram_total"":130560,""roughness"":0.12367445608380338,""variation"":15348,""zero_difference_count"":7831,""zero_difference_fraction"":0.05998008578431373}],""raw_roughness"":0.12125202083141816,""score_normalization"":""raw_roughness / (1 + raw_roughness)""}",complete,
source-008,stego,stego,pair_008_stego.png,development,0.9999985051654319,0.11886738669116016,0.10649026406273397,0.9999985051654319,0.11886738669116016,0.11918198513083772,"{""chi_square"":139.3850853005843,""p_value"":0.9999985051654319,""samples_analyzed"":196608,""value_pairs_analyzed"":113}","{""channels_analyzed"":3,""groups_analyzed"":49152,""regular_groups"":17663,""rs_statistic"":0.11886738669116016,""samples_analyzed"":196608,""singular_groups"":13910,""unchanged_groups"":17579}","{""channels"":[{""central_radius"":32,""central_total"":123007,""channel"":""R"",""histogram_total"":130560,""roughness"":0.1152454738348224,""variation"":14176,""zero_difference_count"":7350,""zero_difference_fraction"":0.05629595588235294},{""central_radius"":32,""central_total"":123285,""channel"":""G"",""histogram_total"":130560,""roughness"":0.12106906760757594,""variation"":14926,""zero_difference_count"":7709,""zero_difference_fraction"":0.05904564950980392},{""central_radius"":32,""central_total"":124085,""channel"":""B"",""histogram_total"":130560,""roughness"":0.12123141395011484,""variation"":15043,""zero_difference_count"":7679,""zero_difference_fraction"":0.058815870098039215}],""raw_roughness"":0.11918198513083772,""score_normalization"":""raw_roughness / (1 + raw_roughness)""}",complete,
source-009,clean,clean,pair_009_clean.png,development,0.0,0.3731017152846061,0.48705324553323637,0.0,0.3731017152846061,0.9495200842815645,"{""chi_square"":80872.05736594039,""p_value"":0.0,""samples_analyzed"":196608,""value_pairs_analyzed"":88}","{""channels_analyzed"":3,""groups_analyzed"":49152,""regular_groups"":12568,""rs_statistic"":0.3731017152846061,""samples_analyzed"":196608,""singular_groups"":5738,""unchanged_groups"":30846}","{""channels"":[{""central_radius"":32,""central_total"":129906,""channel"":""R"",""histogram_total"":130560,""roughness"":0.9468615768324788,""variation"":123003,""zero_difference_count"":61479,""zero_difference_fraction"":0.47088694852941176},{""central_radius"":32,""central_total"":129997,""channel"":""G"",""histogram_total"":130560,""roughness"":0.9630914559566759,""variation"":125199,""zero_difference_count"":62580,""zero_difference_fraction"":0.47931985294117646},{""central_radius"":32,""central_total"":129999,""channel"":""B"",""histogram_total"":130560,""roughness"":0.9386072200555389,""variation"":122018,""zero_difference_count"":61003,""zero_difference_fraction"":0.4672411151960784}],""raw_roughness"":0.9495200842815645,""score_normalization"":""raw_roughness / (1 + raw_roughness)""}",complete,
source-009,stego,stego,pair_009_stego.png,development,0.0,0.27957228781465804,0.4349349827932948,0.0,0.27957228781465804,0.7697078558204075,"{""chi_square"":45924.16245410382,""p_value"":0.0,""samples_analyzed"":196608,""value_pairs_analyzed"":88}","{""channels_analyzed"":3,""groups_analyzed"":49152,""regular_groups"":11488,""rs_statistic"":0.27957228781465804,""samples_analyzed"":196608,""singular_groups"":6468,""unchanged_groups"":31196}","{""channels"":[{""central_radius"":32,""central_total"":129908,""channel"":""R"",""histogram_total"":130560,""roughness"":0.7621085691412384,""variation"":99004,""zero_difference_count"":49502,""zero_difference_fraction"":0.3791513480392157},{""central_radius"":32,""central_total"":129996,""channel"":""G"",""histogram_total"":130560,""roughness"":0.7852933936428813,""variation"":102085,""zero_difference_count"":51033,""zero_difference_fraction"":0.39087775735294117},{""central_radius"":32,""central_total"":129995,""channel"":""B"",""histogram_total"":130560,""roughness"":0.7617216046771029,""variation"":99020,""zero_difference_count"":49503,""zero_difference_fraction"":0.37915900735294117}],""raw_roughness"":0.7697078558204075,""score_normalization"":""raw_roughness / (1 + raw_roughness)""}",complete,
source-010,clean,clean,pair_010_clean.png,development,0.0,0.30978407557354926,0.1854955385095633,0.0,0.30978407557354926,0.22774035905233805,"{""chi_square"":7856.389538625558,""p_value"":0.0,""samples_analyzed"":196608,""value_pairs_analyzed"":113}","{""channels_analyzed"":3,""groups_analyzed"":49152,""regular_groups"":19411,""rs_statistic"":0.30978407557354926,""samples_analyzed"":196608,""singular_groups"":10229,""unchanged_groups"":19512}","{""channels"":[{""central_radius"":32,""central_total"":126778,""channel"":""R"",""histogram_total"":130560,""roughness"":0.22387953745918063,""variation"":28383,""zero_difference_count"":14247,""zero_difference_fraction"":0.10912224264705882},{""central_radius"":32,""central_total"":128059,""channel"":""G"",""histogram_total"":130560,""roughness"":0.24128721917241272,""variation"":30899,""zero_difference_count"":15498,""zero_difference_fraction"":0.11870404411764705},{""central_radius"":32,""central_total"":128202,""channel"":""B"",""histogram_total"":130560,""roughness"":0.21805432052542081,""variation"":27955,""zero_difference_count"":13995,""zero_difference_fraction"":0.1071920955882353}],""raw_roughness"":0.22774035905233805,""score_normalization"":""raw_roughness / (1 + raw_roughness)""}",complete,
source-010,stego,stego,pair_010_stego.png,development,0.0,0.23590145500391863,0.1739223307721539,0.0,0.23590145500391863,0.21053992530111987,"{""chi_square"":4549.393779661411,""p_value"":0.0,""samples_analyzed"":196608,""value_pairs_analyzed"":113}","{""channels_analyzed"":3,""groups_analyzed"":49152,""regular_groups"":18135,""rs_statistic"":0.23590145500391863,""samples_analyzed"":196608,""singular_groups"":11212,""unchanged_groups"":19805}","{""channels"":[{""central_radius"":32,""central_total"":126781,""channel"":""R"",""histogram_total"":130560,""roughness"":0.2057169449680946,""variation"":26081,""zero_difference_count"":13086,""zero_difference_fraction"":0.10022977941176471},{""central_radius"":32,""central_total"":128054,""channel"":""G"",""histogram_total"":130560,""roughness"":0.22564699267496524,""variation"":28895,""zero_difference_count"":14496,""zero_difference_fraction"":0.11102941176470588},{""central_radius"":32,""central_total"":128206,""channel"":""B"",""histogram_total"":130560,""roughness"":0.20025583826029983,""variation"":25674,""zero_difference_count"":12927,""zero_difference_fraction"":0.09901194852941177}],""raw_roughness"":0.21053992530111987,""score_normalization"":""raw_roughness / (1 + raw_roughness)""}",complete,
source-011,clean,clean,pair_011_clean.png,development,0.9999615659308291,0.16949260176541564,0.0967231780424256,0.9999615659308291,0.16949260176541564,0.10708032763733259,"{""chi_square"":163.75804124630318,""p_value"":0.9999615659308291,""samples_analyzed"":196608,""value_pairs_analyzed"":121}","{""channels_analyzed"":3,""groups_analyzed"":49152,""regular_groups"":18416,""rs_statistic"":0.16949260176541564,""samples_analyzed"":196608,""singular_groups"":13078,""unchanged_groups"":17658}","{""channels"":[{""central_radius"":32,""central_total"":127200,""channel"":""R"",""histogram_total"":130560,""roughness"":0.10536949685534591,""variation"":13403,""zero_difference_count"":6856,""zero_difference_fraction"":0.052512254901960785},{""central_radius"":32,""central_total"":127766,""channel"":""G"",""histogram_total"":130560,""roughness"":0.11251819732949297,""variation"":14376,""zero_difference_count"":7278,""zero_difference_fraction"":0.05574448529411765},{""central_radius"":32,""central_total"":127785,""channel"":""B"",""histogram_total"":130560,""roughness"":0.1033532887271589,""variation"":13207,""zero_difference_count"":6748,""zero_difference_fraction"":0.05168504901960784}],""raw_roughness"":0.10708032763733259,""score_normalization"":""raw_roughness / (1 + raw_roughness)""}",complete,
source-011,stego,stego,pair_011_stego.png,development,0.9999999990964277,0.1261226829734378,0.09508997284554567,0.9999999990964277,0.1261226829734378,0.10508224021404865,"{""chi_square"":131.42976849974022,""p_value"":0.9999999990964277,""samples_analyzed"":196608,""value_pairs_analyzed"":121}","{""channels_analyzed"":3,""groups_analyzed"":49152,""regular_groups"":17679,""rs_statistic"":0.1261226829734378,""samples_analyzed"":196608,""singular_groups"":13719,""unchanged_groups"":17754}","{""channels"":[{""central_radius"":32,""central_total"":127202,""channel"":""R"",""histogram_total"":130560,""roughness"":0.10416502885174761,""variation"":13250,""zero_difference_count"":6797,""zero_difference_fraction"":0.052060355392156865},{""central_radius"":32,""central_total"":127768,""channel"":""G"",""histogram_total"":130560,""roughness"":0.11012147016467347,""variation"":14070,""zero_difference_count"":7184,""zero_difference_fraction"":0.05502450980392157},{""central_radius"":32,""central_total"":127783,""channel"":""B"",""histogram_total"":130560,""roughness"":0.10096022162572486,""variation"":12901,""zero_difference_count"":6601,""zero_difference_fraction"":0.050559129901960785}],""raw_roughness"":0.10508224021404865,""score_normalization"":""raw_roughness / (1 + raw_roughness)""}",complete,
source-012,clean,clean,pair_012_clean.png,development,0.31238589513834564,0.12116797002765306,0.07990690236939009,0.31238589513834564,0.12116797002765306,0.086846540393753,"{""chi_square"":216.426771684725,""p_value"":0.31238589513834564,""samples_analyzed"":196608,""value_pairs_analyzed"":104}","{""channels_analyzed"":3,""groups_analyzed"":49152,""regular_groups"":18853,""rs_statistic"":0.12116797002765306,""samples_analyzed"":196608,""singular_groups"":14778,""unchanged_groups"":15521}","{""channels"":[{""central_radius"":32,""central_total"":127298,""channel"":""R"",""histogram_total"":130560,""roughness"":0.07921569859699289,""variation"":10084,""zero_difference_count"":5264,""zero_difference_fraction"":0.040318627450980395},{""central_radius"":32,""central_total"":128365,""channel"":""G"",""histogram_total"":130560,""roughness"":0.09024266739375998,""variation"":11584,""zero_difference_count"":5814,""zero_difference_fraction"":0.04453125},{""central_radius"":32,""central_total"":128841,""channel"":""B"",""histogram_total"":130560,""roughness"":0.09108125519050612,""variation"":11735,""zero_difference_count"":5916,""zero_difference_fraction"":0.0453125}],""raw_roughness"":0.086846540393753,""score_normalization"":""raw_roughness / (1 + raw_roughness)""}",complete,
source-012,stego,stego,pair_012_stego.png,development,0.9996291658080211,0.09203476604357662,0.07993294409925072,0.9996291658080211,0.09203476604357662,0.08687730267767935,"{""chi_square"":145.18455638626978,""p_value"":0.9996291658080211,""samples_analyzed"":196608,""value_pairs_analyzed"":104}","{""channels_analyzed"":3,""groups_analyzed"":49152,""regular_groups"":18344,""rs_statistic"":0.09203476604357662,""samples_analyzed"":196608,""singular_groups"":15252,""unchanged_groups"":15556}","{""channels"":[{""central_radius"":32,""central_total"":127278,""channel"":""R"",""histogram_total"":130560,""roughness"":0.0794009962444413,""variation"":10106,""zero_difference_count"":5257,""zero_difference_fraction"":0.04026501225490196},{""central_radius"":32,""central_total"":128341,""channel"":""G"",""histogram_total"":130560,""roughness"":0.08976087142846012,""variation"":11520,""zero_difference_count"":5764,""zero_difference_fraction"":0.04414828431372549},{""central_radius"":32,""central_total"":128840,""channel"":""B"",""histogram_total"":130560,""roughness"":0.0914700403601366,""variation"":11785,""zero_difference_count"":5980,""zero_difference_fraction"":0.04580269607843137}],""raw_roughness"":0.08687730267767935,""score_normalization"":""raw_roughness / (1 + raw_roughness)""}",complete,
source-013,clean,clean,pair_013_clean.png,development,0.6013081691394093,0.2880144307856761,0.1569453203043119,0.6013081691394093,0.2880144307856761,0.18616268207059053,"{""chi_square"":191.29160020603717,""p_value"":0.6013081691394093,""samples_analyzed"":196608,""value_pairs_analyzed"":99}","{""channels_analyzed"":3,""groups_analyzed"":49152,""regular_groups"":19279,""rs_statistic"":0.2880144307856761,""samples_analyzed"":196608,""singular_groups"":10657,""unchanged_groups"":19216}","{""channels"":[{""central_radius"":32,""central_total"":128273,""channel"":""R"",""histogram_total"":130560,""roughness"":0.1741130245647954,""variation"":22334,""zero_difference_count"":11253,""zero_difference_fraction"":0.08619025735294118},{""central_radius"":32,""central_total"":128500,""channel"":""G"",""histogram_total"":130560,""roughness"":0.1940933852140078,""variation"":24941,""zero_difference_count"":12544,""zero_difference_fraction"":0.09607843137254903},{""central_radius"":32,""central_total"":128499,""channel"":""B"",""histogram_total"":130560,""roughness"":0.19028163643296836,""variation"":24451,""zero_difference_count"":12271,""zero_difference_fraction"":0.0939874387254902}],""raw_roughness"":0.18616268207059053,""score_normalization"":""raw_roughness / (1 + raw_roughness)""}",complete,
source-013,stego,stego,pair_013_stego.png,development,0.9950125570234646,0.21724979658258747,0.1533455099017907,0.9950125570234646,0.21724979658258747,0.18111934879599242,"{""chi_square"":149.61446020681933,""p_value"":0.9950125570234646,""samples_analyzed"":196608,""value_pairs_analyzed"":99}","{""channels_analyzed"":3,""groups_analyzed"":49152,""regular_groups"":17952,""rs_statistic"":0.21724979658258747,""samples_analyzed"":196608,""singular_groups"":11544,""unchanged_groups"":19656}","{""channels"":[{""central_radius"":32,""central_total"":128258,""channel"":""R"",""histogram_total"":130560,""roughness"":0.16890174492039484,""variation"":21663,""zero_difference_count"":10958,""zero_difference_fraction"":0.08393075980392156},{""central_radius"":32,""central_total"":128490,""channel"":""G"",""histogram_total"":130560,""roughness"":0.18948556307883882,""variation"":24347,""zero_difference_count"":12258,""zero_difference_fraction"":0.09388786764705882},{""central_radius"":32,""central_total"":128496,""channel"":""B"",""histogram_total"":130560,""roughness"":0.18497073838874362,""variation"":23768,""zero_difference_count"":11981,""zero_difference_fraction"":0.09176623774509804}],""raw_roughness"":0.18111934879599242,""score_normalization"":""raw_roughness / (1 + raw_roughness)""}",complete,
source-014,clean,clean,pair_014_clean.png,development,0.0,0.32330936827123097,0.3207294754681583,0.0,0.32330936827123097,0.4721675148339572,"{""chi_square"":24365.096799523104,""p_value"":0.0,""samples_analyzed"":196608,""value_pairs_analyzed"":102}","{""channels_analyzed"":3,""groups_analyzed"":49152,""regular_groups"":18130,""rs_statistic"":0.32330936827123097,""samples_analyzed"":196608,""singular_groups"":9271,""unchanged_groups"":21751}","{""channels"":[{""central_radius"":32,""central_total"":128809,""channel"":""R"",""histogram_total"":130560,""roughness"":0.4567305079614002,""variation"":58831,""zero_difference_count"":29404,""zero_difference_fraction"":0.22521446078431373},{""central_radius"":32,""central_total"":128990,""channel"":""G"",""histogram_total"":130560,""roughness"":0.48030855105046905,""variation"":61955,""zero_difference_count"":30982,""zero_difference_fraction"":0.23730085784313726},{""central_radius"":32,""central_total"":129428,""channel"":""B"",""histogram_total"":130560,""roughness"":0.4794634854900022,""variation"":62056,""zero_difference_count"":31013,""zero_difference_fraction"":0.23753829656862746}],""raw_roughness"":0.4721675148339572,""score_normalization"":""raw_roughness / (1 + raw_roughness)""}",complete,
source-014,stego,stego,pair_014_stego.png,development,0.0,0.2526616463256297,0.2916757724980366,0.0,0.2526616463256297,0.4117828547622679,"{""chi_square"":13686.971518535138,""p_value"":0.0,""samples_analyzed"":196608,""value_pairs_analyzed"":102}","{""channels_analyzed"":3,""groups_analyzed"":49152,""regular_groups"":16884,""rs_statistic"":0.2526616463256297,""samples_analyzed"":196608,""singular_groups"":10073,""unchanged_groups"":22195}","{""channels"":[{""central_radius"":32,""central_total"":128812,""channel"":""R"",""histogram_total"":130560,""roughness"":0.39708256994689933,""variation"":51149,""zero_difference_count"":25555,""zero_difference_fraction"":0.19573376225490197},{""central_radius"":32,""central_total"":128981,""channel"":""G"",""histogram_total"":130560,""roughness"":0.42021693117590964,""variation"":54200,""zero_difference_count"":27105,""zero_difference_fraction"":0.20760569852941177},{""central_radius"":32,""central_total"":129425,""channel"":""B"",""histogram_total"":130560,""roughness"":0.4180490631639946,""variation"":54106,""zero_difference_count"":27010,""zero_difference_fraction"":0.2068780637254902}],""raw_roughness"":0.4117828547622679,""score_normalization"":""raw_roughness / (1 + raw_roughness)""}",complete,
source-015,clean,clean,pair_015_clean.png,development,0.0,0.22902208201892746,0.3761478286561361,0.0,0.22902208201892746,0.6029438478123136,"{""chi_square"":49326.47088405021,""p_value"":0.0,""samples_analyzed"":196608,""value_pairs_analyzed"":107}","{""channels_analyzed"":3,""groups_analyzed"":49152,""regular_groups"":14610,""rs_statistic"":0.22902208201892746,""samples_analyzed"":196608,""singular_groups"":9165,""unchanged_groups"":25377}","{""channels"":[{""central_radius"":32,""central_total"":128072,""channel"":""R"",""histogram_total"":130560,""roughness"":0.6023096383284402,""variation"":77139,""zero_difference_count"":38636,""zero_difference_fraction"":0.2959252450980392},{""central_radius"":32,""central_total"":128232,""channel"":""G"",""histogram_total"":130560,""roughness"":0.6048568220101067,""variation"":77562,""zero_difference_count"":38835,""zero_difference_fraction"":0.29744944852941174},{""central_radius"":32,""central_total"":128402,""channel"":""B"",""histogram_total"":130560,""roughness"":0.6016650830983941,""variation"":77255,""zero_difference_count"":38658,""zero_difference_fraction"":0.29609375}],""raw_roughness"":0.6029438478123136,""score_normalization"":""raw_roughness / (1 + raw_roughness)""}",complete,
source-015,stego,stego,pair_015_stego.png,development,0.0,0.17303523611170146,0.32922868117396187,0.0,0.17303523611170146,0.49082104725373027,"{""chi_square"":27636.74931515379,""p_value"":0.0,""samples_analyzed"":196608,""value_pairs_analyzed"":107}","{""channels_analyzed"":3,""groups_analyzed"":49152,""regular_groups"":13799,""rs_statistic"":0.17303523611170146,""samples_analyzed"":196608,""singular_groups"":9728,""unchanged_groups"":25625}","{""channels"":[{""central_radius"":32,""central_total"":128074,""channel"":""R"",""histogram_total"":130560,""roughness"":0.49168449490138516,""variation"":62972,""zero_difference_count"":31579,""zero_difference_fraction"":0.2418734681372549},{""central_radius"":32,""central_total"":128236,""channel"":""G"",""histogram_total"":130560,""roughness"":0.4936133379082317,""variation"":63299,""zero_difference_count"":31714,""zero_difference_fraction"":0.2429074754901961},{""central_radius"":32,""central_total"":128402,""channel"":""B"",""histogram_total"":130560,""roughness"":0.48716530895157395,""variation"":62553,""zero_difference_count"":31357,""zero_difference_fraction"":0.24017310049019608}],""raw_roughness"":0.49082104725373027,""score_normalization"":""raw_roughness / (1 + raw_roughness)""}",complete,
source-016,clean,clean,pair_016_clean.png,development,0.0,0.34690513475644935,0.36798319868119317,0.0,0.34690513475644935,0.5822364182618814,"{""chi_square"":40082.02109998304,""p_value"":0.0,""samples_analyzed"":196608,""value_pairs_analyzed"":99}","{""channels_analyzed"":3,""groups_analyzed"":49152,""regular_groups"":16342,""rs_statistic"":0.34690513475644935,""samples_analyzed"":196608,""singular_groups"":7924,""unchanged_groups"":24886}","{""channels"":[{""central_radius"":32,""central_total"":127502,""channel"":""R"",""histogram_total"":130560,""roughness"":0.5732851249392167,""variation"":73095,""zero_difference_count"":36635,""zero_difference_fraction"":0.2805989583333333},{""central_radius"":32,""central_total"":127591,""channel"":""G"",""histogram_total"":130560,""roughness"":0.593419598561027,""variation"":75715,""zero_difference_count"":37870,""zero_difference_fraction"":0.2900582107843137},{""central_radius"":32,""central_total"":127999,""channel"":""B"",""histogram_total"":130560,""roughness"":0.5800045312854006,""variation"":74240,""zero_difference_count"":37149,""zero_difference_fraction"":0.2845358455882353}],""raw_roughness"":0.5822364182618814,""score_normalization"":""raw_roughness / (1 + raw_roughness)""}",complete,
source-016,stego,stego,pair_016_stego.png,development,0.0,0.2654326157969679,0.3285712962464726,0.0,0.2654326157969679,0.4893614086047276,"{""chi_square"":22551.118899831028,""p_value"":0.0,""samples_analyzed"":196608,""value_pairs_analyzed"":99}","{""channels_analyzed"":3,""groups_analyzed"":49152,""regular_groups"":15108,""rs_statistic"":0.2654326157969679,""samples_analyzed"":196608,""singular_groups"":8770,""unchanged_groups"":25274}","{""channels"":[{""central_radius"":32,""central_total"":127497,""channel"":""R"",""histogram_total"":130560,""roughness"":0.4818152583982368,""variation"":61430,""zero_difference_count"":30784,""zero_difference_fraction"":0.2357843137254902},{""central_radius"":32,""central_total"":127593,""channel"":""G"",""histogram_total"":130560,""roughness"":0.4986245326937998,""variation"":63621,""zero_difference_count"":31809,""zero_difference_fraction"":0.24363511029411763},{""central_radius"":32,""central_total"":127999,""channel"":""B"",""histogram_total"":130560,""roughness"":0.48764443472214625,""variation"":62418,""zero_difference_count"":31205,""zero_difference_fraction"":0.23900888480392157}],""raw_roughness"":0.4893614086047276,""score_normalization"":""raw_roughness / (1 + raw_roughness)""}",complete,
source-017,clean,clean,pair_017_clean.png,development,0.0,0.2552348125807841,0.38463992615599113,0.0,0.2552348125807841,0.625064807590191,"{""chi_square"":50099.90222773024,""p_value"":0.0,""samples_analyzed"":196608,""value_pairs_analyzed"":127}","{""channels_analyzed"":3,""groups_analyzed"":49152,""regular_groups"":14567,""rs_statistic"":0.2552348125807841,""samples_analyzed"":196608,""singular_groups"":8643,""unchanged_groups"":25942}","{""channels"":[{""central_radius"":32,""central_total"":129307,""channel"":""R"",""histogram_total"":130560,""roughness"":0.6229825144810412,""variation"":80556,""zero_difference_count"":40317,""zero_difference_fraction"":0.3088005514705882},{""central_radius"":32,""central_total"":129420,""channel"":""G"",""histogram_total"":130560,""roughness"":0.6297403801576263,""variation"":81501,""zero_difference_count"":40772,""zero_difference_fraction"":0.31228553921568625},{""central_radius"":32,""central_total"":129426,""channel"":""B"",""histogram_total"":130560,""roughness"":0.6224715281319055,""variation"":80564,""zero_difference_count"":40293,""zero_difference_fraction"":0.30861672794117645}],""raw_roughness"":0.625064807590191,""score_normalization"":""raw_roughness / (1 + raw_roughness)""}",complete,
source-017,stego,stego,pair_017_stego.png,development,0.0,0.19178380260237607,0.33897837915906265,0.0,0.19178380260237607,0.5128098211489992,"{""chi_square"":28129.050844813763,""p_value"":0.0,""samples_analyzed"":196608,""value_pairs_analyzed"":127}","{""channels_analyzed"":3,""groups_analyzed"":49152,""regular_groups"":13693,""rs_statistic"":0.19178380260237607,""samples_analyzed"":196608,""singular_groups"":9286,""unchanged_groups"":26173}","{""channels"":[{""central_radius"":32,""central_total"":129313,""channel"":""R"",""histogram_total"":130560,""roughness"":0.5098095319109448,""variation"":65925,""zero_difference_count"":32984,""zero_difference_fraction"":0.2526348039215686},{""central_radius"":32,""central_total"":129421,""channel"":""G"",""histogram_total"":130560,""roughness"":0.518540267808161,""variation"":67110,""zero_difference_count"":33560,""zero_difference_fraction"":0.25704656862745096},{""central_radius"":32,""central_total"":129419,""channel"":""B"",""histogram_total"":130560,""roughness"":0.5100796637278916,""variation"":66014,""zero_difference_count"":33031,""zero_difference_fraction"":0.25299479166666666}],""raw_roughness"":0.5128098211489992,""score_normalization"":""raw_roughness / (1 + raw_roughness)""}",complete,
source-018,clean,clean,pair_018_clean.png,development,3.624056112079761e-132,0.1915295897145018,0.13161059750243748,3.624056112079761e-132,0.1915295897145018,0.15155712071556157,"{""chi_square"":1233.6469965276967,""p_value"":3.624056112079761e-132,""samples_analyzed"":196608,""value_pairs_analyzed"":122}","{""channels_analyzed"":3,""groups_analyzed"":49152,""regular_groups"":18906,""rs_statistic"":0.1915295897145018,""samples_analyzed"":196608,""singular_groups"":12828,""unchanged_groups"":17418}","{""channels"":[{""central_radius"":32,""central_total"":123971,""channel"":""R"",""histogram_total"":130560,""roughness"":0.1429366545401747,""variation"":17720,""zero_difference_count"":9030,""zero_difference_fraction"":0.06916360294117647},{""central_radius"":32,""central_total"":124348,""channel"":""G"",""histogram_total"":130560,""roughness"":0.1492344066651655,""variation"":18557,""zero_difference_count"":9429,""zero_difference_fraction"":0.07221966911764706},{""central_radius"":32,""central_total"":124609,""channel"":""B"",""histogram_total"":130560,""roughness"":0.16250030094134452,""variation"":20249,""zero_difference_count"":10317,""zero_difference_fraction"":0.07902113970588236}],""raw_roughness"":0.15155712071556157,""score_normalization"":""raw_roughness / (1 + raw_roughness)""}",complete,
source-018,stego,stego,pair_018_stego.png,development,1.1142437360134166e-53,0.1440570119623314,0.1295838367255854,1.1142437360134166e-53,0.1440570119623314,0.14887572427205917,"{""chi_square"":753.8193456457533,""p_value"":1.1142437360134166e-53,""samples_analyzed"":196608,""value_pairs_analyzed"":122}","{""channels_analyzed"":3,""groups_analyzed"":49152,""regular_groups"":17980,""rs_statistic"":0.1440570119623314,""samples_analyzed"":196608,""singular_groups"":13452,""unchanged_groups"":17720}","{""channels"":[{""central_radius"":32,""central_total"":123960,""channel"":""R"",""histogram_total"":130560,""roughness"":0.14218296224588578,""variation"":17625,""zero_difference_count"":8975,""zero_difference_fraction"":0.06874234068627451},{""central_radius"":32,""central_total"":124346,""channel"":""G"",""histogram_total"":130560,""roughness"":0.14847280974056262,""variation"":18462,""zero_difference_count"":9362,""zero_difference_fraction"":0.07170649509803921},{""central_radius"":32,""central_total"":124619,""channel"":""B"",""histogram_total"":130560,""roughness"":0.15597140082972902,""variation"":19437,""zero_difference_count"":9850,""zero_difference_fraction"":0.07544424019607843}],""raw_roughness"":0.14887572427205917,""score_normalization"":""raw_roughness / (1 + raw_roughness)""}",complete,
source-019,clean,clean,pair_019_clean.png,development,0.0,0.3727394507702612,0.38170776618345315,0.0,0.3727394507702612,0.6173581767755301,"{""chi_square"":44886.50796306529,""p_value"":0.0,""samples_analyzed"":196608,""value_pairs_analyzed"":128}","{""channels_analyzed"":3,""groups_analyzed"":49152,""regular_groups"":16396,""rs_statistic"":0.3727394507702612,""samples_analyzed"":196608,""singular_groups"":7492,""unchanged_groups"":25264}","{""channels"":[{""central_radius"":32,""central_total"":129452,""channel"":""R"",""histogram_total"":130560,""roughness"":0.605475388561011,""variation"":78380,""zero_difference_count"":39219,""zero_difference_fraction"":0.300390625},{""central_radius"":32,""central_total"":129507,""channel"":""G"",""histogram_total"":130560,""roughness"":0.6206768746090945,""variation"":80382,""zero_difference_count"":40203,""zero_difference_fraction"":0.30792738970588235},{""central_radius"":32,""central_total"":129572,""channel"":""B"",""histogram_total"":130560,""roughness"":0.6259222671564845,""variation"":81102,""zero_difference_count"":40562,""zero_difference_fraction"":0.3106770833333333}],""raw_roughness"":0.6173581767755301,""score_normalization"":""raw_roughness / (1 + raw_roughness)""}",complete,
source-019,stego,stego,pair_019_stego.png,development,0.0,0.2822656316642498,0.34006724499202534,0.0,0.2822656316642498,0.5153059041415756,"{""chi_square"":25418.10079572062,""p_value"":0.0,""samples_analyzed"":196608,""value_pairs_analyzed"":128}","{""channels_analyzed"":3,""groups_analyzed"":49152,""regular_groups"":15032,""rs_statistic"":0.2822656316642498,""samples_analyzed"":196608,""singular_groups"":8414,""unchanged_groups"":25706}","{""channels"":[{""central_radius"":32,""central_total"":129448,""channel"":""R"",""histogram_total"":130560,""roughness"":0.5069525987269019,""variation"":65624,""zero_difference_count"":32860,""zero_difference_fraction"":0.25168504901960786},{""central_radius"":32,""central_total"":129504,""channel"":""G"",""histogram_total"":130560,""roughness"":0.5192272053372868,""variation"":67242,""zero_difference_count"":33633,""zero_difference_fraction"":0.2576056985294118},{""central_radius"":32,""central_total"":129573,""channel"":""B"",""histogram_total"":130560,""roughness"":0.5197379083605381,""variation"":67344,""zero_difference_count"":33661,""zero_difference_fraction"":0.2578201593137255}],""raw_roughness"":0.5153059041415756,""score_normalization"":""raw_roughness / (1 + raw_roughness)""}",complete,
source-020,clean,clean,pair_020_clean.png,development,0.0,0.3472520724593184,0.3987029307799093,0.0,0.3472520724593184,0.6630714686453486,"{""chi_square"":51664.460154637076,""p_value"":0.0,""samples_analyzed"":196608,""value_pairs_analyzed"":101}","{""channels_analyzed"":3,""groups_analyzed"":49152,""regular_groups"":15358,""rs_statistic"":0.3472520724593184,""samples_analyzed"":196608,""singular_groups"":7441,""unchanged_groups"":26353}","{""channels"":[{""central_radius"":32,""central_total"":127850,""channel"":""R"",""histogram_total"":130560,""roughness"":0.6599608916699257,""variation"":84376,""zero_difference_count"":42235,""zero_difference_fraction"":0.3234911151960784},{""central_radius"":32,""central_total"":127859,""channel"":""G"",""histogram_total"":130560,""roughness"":0.6653735755793492,""variation"":85074,""zero_difference_count"":42510,""zero_difference_fraction"":0.32559742647058826},{""central_radius"":32,""central_total"":127868,""channel"":""B"",""histogram_total"":130560,""roughness"":0.6638799386867708,""variation"":84889,""zero_difference_count"":42469,""zero_difference_fraction"":0.3252833946078431}],""raw_roughness"":0.6630714686453486,""score_normalization"":""raw_roughness / (1 + raw_roughness)""}",complete,
source-020,stego,stego,pair_020_stego.png,development,0.0,0.2581135449262405,0.3532401027515361,0.0,0.2581135449262405,0.5461688398652103,"{""chi_square"":29175.63648229952,""p_value"":0.0,""samples_analyzed"":196608,""value_pairs_analyzed"":101}","{""channels_analyzed"":3,""groups_analyzed"":49152,""regular_groups"":14072,""rs_statistic"":0.2581135449262405,""samples_analyzed"":196608,""singular_groups"":8298,""unchanged_groups"":26782}","{""channels"":[{""central_radius"":32,""central_total"":127848,""channel"":""R"",""histogram_total"":130560,""roughness"":0.5452725111069395,""variation"":69712,""zero_difference_count"":34858,""zero_difference_fraction"":0.26698835784313724},{""central_radius"":32,""central_total"":127859,""channel"":""G"",""histogram_total"":130560,""roughness"":0.5470400988588993,""variation"":69944,""zero_difference_count"":35000,""zero_difference_fraction"":0.26807598039215685},{""central_radius"":32,""central_total"":127874,""channel"":""B"",""histogram_total"":130560,""roughness"":0.5461939096297919,""variation"":69844,""zero_difference_count"":34957,""zero_difference_fraction"":0.2677466299019608}],""raw_roughness"":0.5461688398652103,""score_normalization"":""raw_roughness / (1 + raw_roughness)""}",complete,
source-021,clean,clean,pair_021_clean.png,development,0.0,0.714963666024025,0.5155881358094875,0.0,0.714963666024025,1.0643590174470081,"{""chi_square"":6862.387265087197,""p_value"":0.0,""samples_analyzed"":196608,""value_pairs_analyzed"":88}","{""channels_analyzed"":3,""groups_analyzed"":49152,""regular_groups"":17346,""rs_statistic"":0.714963666024025,""samples_analyzed"":196608,""singular_groups"":2883,""unchanged_groups"":28923}","{""channels"":[{""central_radius"":32,""central_total"":129587,""channel"":""R"",""histogram_total"":130560,""roughness"":1.0731940703928635,""variation"":139072,""zero_difference_count"":69508,""zero_difference_fraction"":0.5323835784313725},{""central_radius"":32,""central_total"":129681,""channel"":""G"",""histogram_total"":130560,""roughness"":1.062437828209221,""variation"":137778,""zero_difference_count"":68823,""zero_difference_fraction"":0.5271369485294117},{""central_radius"":32,""central_total"":129863,""channel"":""B"",""histogram_total"":130560,""roughness"":1.0574451537389402,""variation"":137323,""zero_difference_count"":68621,""zero_difference_fraction"":0.5255897671568628}],""raw_roughness"":1.0643590174470081,""score_normalization"":""raw_roughness / (1 + raw_roughness)""}",complete,
source-021,stego,stego,pair_021_stego.png,development,0.0,0.6112943807660051,0.4716248167331376,0.0,0.6112943807660051,0.8925945647506645,"{""chi_square"":3910.951340301186,""p_value"":0.0,""samples_analyzed"":196608,""value_pairs_analyzed"":88}","{""channels_analyzed"":3,""groups_analyzed"":49152,""regular_groups"":14409,""rs_statistic"":0.6112943807660051,""samples_analyzed"":196608,""singular_groups"":3476,""unchanged_groups"":31267}","{""channels"":[{""central_radius"":32,""central_total"":129585,""channel"":""R"",""histogram_total"":130560,""roughness"":0.900243083690242,""variation"":116658,""zero_difference_count"":58295,""zero_difference_fraction"":0.44649969362745096},{""central_radius"":32,""central_total"":129679,""channel"":""G"",""histogram_total"":130560,""roughness"":0.8931207057426415,""variation"":115819,""zero_difference_count"":57889,""zero_difference_fraction"":0.443390012254902},{""central_radius"":32,""central_total"":129858,""channel"":""B"",""histogram_total"":130560,""roughness"":0.8844199048191101,""variation"":114849,""zero_difference_count"":57389,""zero_difference_fraction"":0.4395603553921569}],""raw_roughness"":0.8925945647506645,""score_normalization"":""raw_roughness / (1 + raw_roughness)""}",complete,
source-022,clean,clean,pair_022_clean.png,development,0.7343237252460078,0.2649215333161821,0.14770000704615444,0.7343237252460078,0.2649215333161821,0.17329579756801994,"{""chi_square"":195.8199009436517,""p_value"":0.7343237252460078,""samples_analyzed"":196608,""value_pairs_analyzed"":105}","{""channels_analyzed"":3,""groups_analyzed"":49152,""regular_groups"":19667,""rs_statistic"":0.2649215333161821,""samples_analyzed"":196608,""singular_groups"":11429,""unchanged_groups"":18056}","{""channels"":[{""central_radius"":32,""central_total"":124276,""channel"":""R"",""histogram_total"":130560,""roughness"":0.17194792236634587,""variation"":21369,""zero_difference_count"":10766,""zero_difference_fraction"":0.08246017156862745},{""central_radius"":32,""central_total"":125055,""channel"":""G"",""histogram_total"":130560,""roughness"":0.18966854583983048,""variation"":23719,""zero_difference_count"":12024,""zero_difference_fraction"":0.09209558823529412},{""central_radius"":32,""central_total"":125917,""channel"":""B"",""histogram_total"":130560,""roughness"":0.15827092449788352,""variation"":19929,""zero_difference_count"":10119,""zero_difference_fraction"":0.07750459558823529}],""raw_roughness"":0.17329579756801994,""score_normalization"":""raw_roughness / (1 + raw_roughness)""}",complete,
source-022,stego,stego,pair_022_stego.png,development,0.9923769891902137,0.19963411845415047,0.1450936276142472,0.9923769891902137,0.19963411845415047,0.16971873447303973,"{""chi_square"":162.6604498738787,""p_value"":0.9923769891902137,""samples_analyzed"":196608,""value_pairs_analyzed"":105}","{""channels_analyzed"":3,""groups_analyzed"":49152,""regular_groups"":18361,""rs_statistic"":0.19963411845415047,""samples_analyzed"":196608,""singular_groups"":12250,""unchanged_groups"":18541}","{""channels"":[{""central_radius"":32,""central_total"":124283,""channel"":""R"",""histogram_total"":130560,""roughness"":0.16825309978034003,""variation"":20911,""zero_difference_count"":10603,""zero_difference_fraction"":0.08121170343137254},{""central_radius"":32,""central_total"":125072,""channel"":""G"",""histogram_total"":130560,""roughness"":0.18573301778175771,""variation"":23230,""zero_difference_count"":11782,""zero_difference_fraction"":0.09024203431372549},{""central_radius"":32,""central_total"":125907,""channel"":""B"",""histogram_total"":130560,""roughness"":0.15517008585702144,""variation"":19537,""zero_difference_count"":9920,""zero_difference_fraction"":0.07598039215686274}],""raw_roughness"":0.16971873447303973,""score_normalization"":""raw_roughness / (1 + raw_roughness)""}",complete,
source-023,clean,clean,pair_023_clean.png,development,0.0,0.5355007067522018,0.4912856478241089,0.0,0.5355007067522018,0.9657397038687123,"{""chi_square"":76298.73446164669,""p_value"":0.0,""samples_analyzed"":196608,""value_pairs_analyzed"":109}","{""channels_analyzed"":3,""groups_analyzed"":49152,""regular_groups"":14122,""rs_statistic"":0.5355007067522018,""samples_analyzed"":196608,""singular_groups"":4272,""unchanged_groups"":30758}","{""channels"":[{""central_radius"":32,""central_total"":129068,""channel"":""R"",""histogram_total"":130560,""roughness"":0.9665912542225803,""variation"":124756,""zero_difference_count"":62371,""zero_difference_fraction"":0.477719056372549},{""central_radius"":32,""central_total"":129133,""channel"":""G"",""histogram_total"":130560,""roughness"":0.9713241386787266,""variation"":125430,""zero_difference_count"":62728,""zero_difference_fraction"":0.48045343137254903},{""central_radius"":32,""central_total"":129373,""channel"":""B"",""histogram_total"":130560,""roughness"":0.9593037187048302,""variation"":124108,""zero_difference_count"":62039,""zero_difference_fraction"":0.47517616421568626}],""raw_roughness"":0.9657397038687123,""score_normalization"":""raw_roughness / (1 + raw_roughness)""}",complete,
source-023,stego,stego,pair_023_stego.png,development,0.0,0.42173029139372037,0.44057559853963374,0.0,0.42173029139372037,0.7875516287625638,"{""chi_square"":42603.799108454084,""p_value"":0.0,""samples_analyzed"":196608,""value_pairs_analyzed"":109}","{""channels_analyzed"":3,""groups_analyzed"":49152,""regular_groups"":12588,""rs_statistic"":0.42173029139372037,""samples_analyzed"":196608,""singular_groups"":5120,""unchanged_groups"":31444}","{""channels"":[{""central_radius"":32,""central_total"":129064,""channel"":""R"",""histogram_total"":130560,""roughness"":0.7914368065455898,""variation"":102146,""zero_difference_count"":51011,""zero_difference_fraction"":0.39070925245098037},{""central_radius"":32,""central_total"":129143,""channel"":""G"",""histogram_total"":130560,""roughness"":0.7906739041217875,""variation"":102110,""zero_difference_count"":51052,""zero_difference_fraction"":0.3910232843137255},{""central_radius"":32,""central_total"":129370,""channel"":""B"",""histogram_total"":130560,""roughness"":0.7805441756203139,""variation"":100979,""zero_difference_count"":50444,""zero_difference_fraction"":0.38636642156862744}],""raw_roughness"":0.7875516287625638,""score_normalization"":""raw_roughness / (1 + raw_roughness)""}",complete,
source-024,clean,clean,pair_024_clean.png,development,0.7617334633199455,0.28291768962398245,0.16410405179551524,0.7617334633199455,0.28291768962398245,0.19632114756389576,"{""chi_square"":201.86556045424527,""p_value"":0.7617334633199455,""samples_analyzed"":196608,""value_pairs_analyzed"":109}","{""channels_analyzed"":3,""groups_analyzed"":49152,""regular_groups"":19857,""rs_statistic"":0.28291768962398245,""samples_analyzed"":196608,""singular_groups"":11099,""unchanged_groups"":18196}","{""channels"":[{""central_radius"":32,""central_total"":130357,""channel"":""R"",""histogram_total"":130560,""roughness"":0.1947574737068205,""variation"":25388,""zero_difference_count"":12693,""zero_difference_fraction"":0.09721966911764705},{""central_radius"":32,""central_total"":130401,""channel"":""G"",""histogram_total"":130560,""roughness"":0.20296623492151133,""variation"":26467,""zero_difference_count"":13243,""zero_difference_fraction"":0.10143229166666666},{""central_radius"":32,""central_total"":130407,""channel"":""B"",""histogram_total"":130560,""roughness"":0.19123973406335548,""variation"":24939,""zero_difference_count"":12466,""zero_difference_fraction"":0.09548100490196078}],""raw_roughness"":0.19632114756389576,""score_normalization"":""raw_roughness / (1 + raw_roughness)""}",complete,
source-024,stego,stego,pair_024_stego.png,development,0.9894190616511902,0.2158917124914587,0.1621037452500617,0.9894190616511902,0.2158917124914587,0.19346517463363042,"{""chi_square"":171.87275804609206,""p_value"":0.9894190616511902,""samples_analyzed"":196608,""value_pairs_analyzed"":109}","{""channels_analyzed"":3,""groups_analyzed"":49152,""regular_groups"":18684,""rs_statistic"":0.2158917124914587,""samples_analyzed"":196608,""singular_groups"":12049,""unchanged_groups"":18419}","{""channels"":[{""central_radius"":32,""central_total"":130352,""channel"":""R"",""histogram_total"":130560,""roughness"":0.1929391186939978,""variation"":25150,""zero_difference_count"":12573,""zero_difference_fraction"":0.09630055147058823},{""central_radius"":32,""central_total"":130400,""channel"":""G"",""histogram_total"":130560,""roughness"":0.200260736196319,""variation"":26114,""zero_difference_count"":13047,""zero_difference_fraction"":0.09993106617647059},{""central_radius"":32,""central_total"":130409,""channel"":""B"",""histogram_total"":130560,""roughness"":0.1871956690105744,""variation"":24412,""zero_difference_count"":12204,""zero_difference_fraction"":0.09347426470588235}],""raw_roughness"":0.19346517463363042,""score_normalization"":""raw_roughness / (1 + raw_roughness)""}",complete,
source-025,clean,clean,pair_025_clean.png,development,0.0,0.42132189124515224,0.36132592617751524,0.0,0.42132189124515224,0.5657438449238561,"{""chi_square"":39391.31041194965,""p_value"":0.0,""samples_analyzed"":196608,""value_pairs_analyzed"":94}","{""channels_analyzed"":3,""groups_analyzed"":49152,""regular_groups"":17225,""rs_statistic"":0.42132189124515224,""samples_analyzed"":196608,""singular_groups"":7013,""unchanged_groups"":24914}","{""channels"":[{""central_radius"":32,""central_total"":128505,""channel"":""R"",""histogram_total"":130560,""roughness"":0.5589665771759854,""variation"":71830,""zero_difference_count"":35914,""zero_difference_fraction"":0.2750765931372549},{""central_radius"":32,""central_total"":129546,""channel"":""G"",""histogram_total"":130560,""roughness"":0.5735646025350069,""variation"":74303,""zero_difference_count"":37143,""zero_difference_fraction"":0.28448988970588235},{""central_radius"":32,""central_total"":129837,""channel"":""B"",""histogram_total"":130560,""roughness"":0.5647003550605759,""variation"":73319,""zero_difference_count"":36657,""zero_difference_fraction"":0.2807674632352941}],""raw_roughness"":0.5657438449238561,""score_normalization"":""raw_roughness / (1 + raw_roughness)""}",complete,
source-025,stego,stego,pair_025_stego.png,development,0.0,0.3181989213595886,0.3227451917661543,0.0,0.3181989213595886,0.4765491331214223,"{""chi_square"":22278.786659777335,""p_value"":0.0,""samples_analyzed"":196608,""value_pairs_analyzed"":94}","{""channels_analyzed"":3,""groups_analyzed"":49152,""regular_groups"":15765,""rs_statistic"":0.3181989213595886,""samples_analyzed"":196608,""singular_groups"":8154,""unchanged_groups"":25233}","{""channels"":[{""central_radius"":32,""central_total"":128499,""channel"":""R"",""histogram_total"":130560,""roughness"":0.4699024895135371,""variation"":60382,""zero_difference_count"":30173,""zero_difference_fraction"":0.2311044730392157},{""central_radius"":32,""central_total"":129548,""channel"":""G"",""histogram_total"":130560,""roughness"":0.48433785160712634,""variation"":62745,""zero_difference_count"":31393,""zero_difference_fraction"":0.24044883578431372},{""central_radius"":32,""central_total"":129834,""channel"":""B"",""histogram_total"":130560,""roughness"":0.47540705824360335,""variation"":61724,""zero_difference_count"":30844,""zero_difference_fraction"":0.2362438725490196}],""raw_roughness"":0.4765491331214223,""score_normalization"":""raw_roughness / (1 + raw_roughness)""}",complete,
source-026,clean,clean,pair_026_clean.png,development,3.3791845373342234e-21,0.4062322946175637,0.2127537734897653,3.3791845373342234e-21,0.4062322946175637,0.2702506107052129,"{""chi_square"":519.5654707167689,""p_value"":3.3791845373342234e-21,""samples_analyzed"":196608,""value_pairs_analyzed"":125}","{""channels_analyzed"":3,""groups_analyzed"":49152,""regular_groups"":21097,""rs_statistic"":0.4062322946175637,""samples_analyzed"":196608,""singular_groups"":8908,""unchanged_groups"":19147}","{""channels"":[{""central_radius"":32,""central_total"":127490,""channel"":""R"",""histogram_total"":130560,""roughness"":0.25516511098909717,""variation"":32531,""zero_difference_count"":16301,""zero_difference_fraction"":0.12485447303921568},{""central_radius"":32,""central_total"":128125,""channel"":""G"",""histogram_total"":130560,""roughness"":0.2837541463414634,""variation"":36356,""zero_difference_count"":18233,""zero_difference_fraction"":0.13965226715686274},{""central_radius"":32,""central_total"":128535,""channel"":""B"",""histogram_total"":130560,""roughness"":0.271832574785078,""variation"":34940,""zero_difference_count"":17473,""zero_difference_fraction"":0.13383118872549019}],""raw_roughness"":0.2702506107052129,""score_normalization"":""raw_roughness / (1 + raw_roughness)""}",complete,
source-026,stego,stego,pair_026_stego.png,development,7.731660112111741e-08,0.31315546749564444,0.20670403610304533,7.731660112111741e-08,0.31315546749564444,0.26056357968549454,"{""chi_square"":384.2679992087745,""p_value"":7.731660112111741e-08,""samples_analyzed"":196608,""value_pairs_analyzed"":125}","{""channels_analyzed"":3,""groups_analyzed"":49152,""regular_groups"":19220,""rs_statistic"":0.31315546749564444,""samples_analyzed"":196608,""singular_groups"":10053,""unchanged_groups"":19879}","{""channels"":[{""central_radius"":32,""central_total"":127481,""channel"":""R"",""histogram_total"":130560,""roughness"":0.24635828084185094,""variation"":31406,""zero_difference_count"":15758,""zero_difference_fraction"":0.12069546568627451},{""central_radius"":32,""central_total"":128133,""channel"":""G"",""histogram_total"":130560,""roughness"":0.2749252729585665,""variation"":35227,""zero_difference_count"":17668,""zero_difference_fraction"":0.13532475490196078},{""central_radius"":32,""central_total"":128541,""channel"":""B"",""histogram_total"":130560,""roughness"":0.26040718525606615,""variation"":33473,""zero_difference_count"":16745,""zero_difference_fraction"":0.12825520833333334}],""raw_roughness"":0.26056357968549454,""score_normalization"":""raw_roughness / (1 + raw_roughness)""}",complete,
source-027,clean,clean,pair_027_clean.png,development,0.0,0.39877572746628814,0.4078863197106082,0.0,0.39877572746628814,0.6888648806615248,"{""chi_square"":52369.62551973317,""p_value"":0.0,""samples_analyzed"":196608,""value_pairs_analyzed"":113}","{""channels_analyzed"":3,""groups_analyzed"":49152,""regular_groups"":15767,""rs_statistic"":0.39877572746628814,""samples_analyzed"":196608,""singular_groups"":6777,""unchanged_groups"":26608}","{""channels"":[{""central_radius"":32,""central_total"":128290,""channel"":""R"",""histogram_total"":130560,""roughness"":0.6834593499103594,""variation"":87681,""zero_difference_count"":43918,""zero_difference_fraction"":0.3363817401960784},{""central_radius"":32,""central_total"":128519,""channel"":""G"",""histogram_total"":130560,""roughness"":0.6921544674328309,""variation"":88955,""zero_difference_count"":44524,""zero_difference_fraction"":0.34102328431372547},{""central_radius"":32,""central_total"":128759,""channel"":""B"",""histogram_total"":130560,""roughness"":0.6909808246413843,""variation"":88970,""zero_difference_count"":44504,""zero_difference_fraction"":0.3408700980392157}],""raw_roughness"":0.6888648806615248,""score_normalization"":""raw_roughness / (1 + raw_roughness)""}",complete,
source-027,stego,stego,pair_027_stego.png,development,0.0,0.3140376266280753,0.3622896862396528,0.0,0.3140376266280753,0.5681101252751606,"{""chi_square"":29277.93243181154,""p_value"":0.0,""samples_analyzed"":196608,""value_pairs_analyzed"":113}","{""channels_analyzed"":3,""groups_analyzed"":49152,""regular_groups"":14528,""rs_statistic"":0.3140376266280753,""samples_analyzed"":196608,""singular_groups"":7584,""unchanged_groups"":27040}","{""channels"":[{""central_radius"":32,""central_total"":128290,""channel"":""R"",""histogram_total"":130560,""roughness"":0.5625457946839193,""variation"":72169,""zero_difference_count"":36164,""zero_difference_fraction"":0.27699142156862744},{""central_radius"":32,""central_total"":128517,""channel"":""G"",""histogram_total"":130560,""roughness"":0.5716130939875659,""variation"":73462,""zero_difference_count"":36747,""zero_difference_fraction"":0.2814568014705882},{""central_radius"":32,""central_total"":128756,""channel"":""B"",""histogram_total"":130560,""roughness"":0.5701714871539967,""variation"":73413,""zero_difference_count"":36712,""zero_difference_fraction"":0.2811887254901961}],""raw_roughness"":0.5681101252751606,""score_normalization"":""raw_roughness / (1 + raw_roughness)""}",complete,
source-028,clean,clean,pair_028_clean.png,development,0.0,0.19107430411778237,0.4384525635209275,0.0,0.19107430411778237,0.7807934557943041,"{""chi_square"":63538.7301976314,""p_value"":0.0,""samples_analyzed"":196608,""value_pairs_analyzed"":128}","{""channels_analyzed"":3,""groups_analyzed"":49152,""regular_groups"":12944,""rs_statistic"":0.19107430411778237,""samples_analyzed"":196608,""singular_groups"":8791,""unchanged_groups"":27417}","{""channels"":[{""central_radius"":32,""central_total"":123236,""channel"":""R"",""histogram_total"":130560,""roughness"":0.7765750267778896,""variation"":95702,""zero_difference_count"":47958,""zero_difference_fraction"":0.3673253676470588},{""central_radius"":32,""central_total"":123427,""channel"":""G"",""histogram_total"":130560,""roughness"":0.7765642849619613,""variation"":95849,""zero_difference_count"":48041,""zero_difference_fraction"":0.36796109068627453},{""central_radius"":32,""central_total"":124436,""channel"":""B"",""histogram_total"":130560,""roughness"":0.7892410556430615,""variation"":98210,""zero_difference_count"":49259,""zero_difference_fraction"":0.3772901348039216}],""raw_roughness"":0.7807934557943041,""score_normalization"":""raw_roughness / (1 + raw_roughness)""}",complete,
source-028,stego,stego,pair_028_stego.png,development,0.0,0.1450587197697628,0.38754426796707475,0.0,0.1450587197697628,0.6327710684994301,"{""chi_square"":36104.98867364066,""p_value"":0.0,""samples_analyzed"":196608,""value_pairs_analyzed"":128}","{""channels_analyzed"":3,""groups_analyzed"":49152,""regular_groups"":12334,""rs_statistic"":0.1450587197697628,""samples_analyzed"":196608,""singular_groups"":9209,""unchanged_groups"":27609}","{""channels"":[{""central_radius"":32,""central_total"":123238,""channel"":""R"",""histogram_total"":130560,""roughness"":0.6268358785439556,""variation"":77250,""zero_difference_count"":38714,""zero_difference_fraction"":0.29652267156862744},{""central_radius"":32,""central_total"":123417,""channel"":""G"",""histogram_total"":130560,""roughness"":0.6327815454921121,""variation"":78096,""zero_difference_count"":39139,""zero_difference_fraction"":0.2997778799019608},{""central_radius"":32,""central_total"":124427,""channel"":""B"",""histogram_total"":130560,""roughness"":0.6386957814622228,""variation"":79471,""zero_difference_count"":39851,""zero_difference_fraction"":0.3052313112745098}],""raw_roughness"":0.6327710684994301,""score_normalization"":""raw_roughness / (1 + raw_roughness)""}",complete,
source-029,clean,clean,pair_029_clean.png,development,0.0,0.27641310089804544,0.5229065875084191,0.0,0.27641310089804544,1.0960255870597393,"{""chi_square"":98435.1775350818,""p_value"":0.0,""samples_analyzed"":196608,""value_pairs_analyzed"":120}","{""channels_analyzed"":3,""groups_analyzed"":49152,""regular_groups"":9665,""rs_statistic"":0.27641310089804544,""samples_analyzed"":196608,""singular_groups"":5479,""unchanged_groups"":34008}","{""channels"":[{""central_radius"":32,""central_total"":127578,""channel"":""R"",""histogram_total"":130560,""roughness"":1.0933781686497672,""variation"":139491,""zero_difference_count"":69746,""zero_difference_fraction"":0.5342064950980392},{""central_radius"":32,""central_total"":127668,""channel"":""G"",""histogram_total"":130560,""roughness"":1.0987874800263182,""variation"":140280,""zero_difference_count"":70103,""zero_difference_fraction"":0.5369408700980393},{""central_radius"":32,""central_total"":127712,""channel"":""B"",""histogram_total"":130560,""roughness"":1.095911112503132,""variation"":139961,""zero_difference_count"":69969,""zero_difference_fraction"":0.5359145220588235}],""raw_roughness"":1.0960255870597393,""score_normalization"":""raw_roughness / (1 + raw_roughness)""}",complete,
source-029,stego,stego,pair_029_stego.png,development,0.0,0.2139469641306526,0.4665578497658217,0.0,0.2139469641306526,0.8746175186212888,"{""chi_square"":55657.47143171756,""p_value"":0.0,""samples_analyzed"":196608,""value_pairs_analyzed"":120}","{""channels_analyzed"":3,""groups_analyzed"":49152,""regular_groups"":9087,""rs_statistic"":0.2139469641306526,""samples_analyzed"":196608,""singular_groups"":5884,""unchanged_groups"":34181}","{""channels"":[{""central_radius"":32,""central_total"":127585,""channel"":""R"",""histogram_total"":130560,""roughness"":0.8717168946192734,""variation"":111218,""zero_difference_count"":55640,""zero_difference_fraction"":0.4261642156862745},{""central_radius"":32,""central_total"":127651,""channel"":""G"",""histogram_total"":130560,""roughness"":0.8770319073097743,""variation"":111954,""zero_difference_count"":55949,""zero_difference_fraction"":0.428530943627451},{""central_radius"":32,""central_total"":127706,""channel"":""B"",""histogram_total"":130560,""roughness"":0.875103753934819,""variation"":111756,""zero_difference_count"":55877,""zero_difference_fraction"":0.4279794730392157}],""raw_roughness"":0.8746175186212888,""score_normalization"":""raw_roughness / (1 + raw_roughness)""}",complete,
source-030,clean,clean,pair_030_clean.png,development,0.0,0.2718932443703086,0.36940813751951274,0.0,0.2718932443703086,0.58581177382533,"{""chi_square"":43232.60090721645,""p_value"":0.0,""samples_analyzed"":196608,""value_pairs_analyzed"":128}","{""channels_analyzed"":3,""groups_analyzed"":49152,""regular_groups"":15250,""rs_statistic"":0.2718932443703086,""samples_analyzed"":196608,""singular_groups"":8730,""unchanged_groups"":25172}","{""channels"":[{""central_radius"":32,""central_total"":126349,""channel"":""R"",""histogram_total"":130560,""roughness"":0.5495650935108312,""variation"":69437,""zero_difference_count"":34757,""zero_difference_fraction"":0.26621476715686276},{""central_radius"":32,""central_total"":126811,""channel"":""G"",""histogram_total"":130560,""roughness"":0.5643516729621247,""variation"":71566,""zero_difference_count"":35800,""zero_difference_fraction"":0.27420343137254904},{""central_radius"":32,""central_total"":126893,""channel"":""B"",""histogram_total"":130560,""roughness"":0.643518555003034,""variation"":81658,""zero_difference_count"":40846,""zero_difference_fraction"":0.31285232843137256}],""raw_roughness"":0.58581177382533,""score_normalization"":""raw_roughness / (1 + raw_roughness)""}",complete,
source-030,stego,stego,pair_030_stego.png,development,0.0,0.20077398729651286,0.32718175403115746,0.0,0.20077398729651286,0.48628549536438825,"{""chi_square"":24302.323890665746,""p_value"":0.0,""samples_analyzed"":196608,""value_pairs_analyzed"":128}","{""channels_analyzed"":3,""groups_analyzed"":49152,""regular_groups"":14273,""rs_statistic"":0.20077398729651286,""samples_analyzed"":196608,""singular_groups"":9500,""unchanged_groups"":25379}","{""channels"":[{""central_radius"":32,""central_total"":126345,""channel"":""R"",""histogram_total"":130560,""roughness"":0.45476275278008627,""variation"":57457,""zero_difference_count"":28801,""zero_difference_fraction"":0.22059589460784312},{""central_radius"":32,""central_total"":126804,""channel"":""G"",""histogram_total"":130560,""roughness"":0.46959086464149397,""variation"":59546,""zero_difference_count"":29778,""zero_difference_fraction"":0.22807904411764707},{""central_radius"":32,""central_total"":126888,""channel"":""B"",""histogram_total"":130560,""roughness"":0.5345028686715844,""variation"":67822,""zero_difference_count"":33907,""zero_difference_fraction"":0.2597043504901961}],""raw_roughness"":0.48628549536438825,""score_normalization"":""raw_roughness / (1 + raw_roughness)""}",complete,
source-031,clean,clean,pair_031_clean.png,development,0.3925307635085699,0.241544952937358,0.1316343141165675,0.3925307635085699,0.241544952937358,0.1515885717923656,"{""chi_square"":238.26093324171896,""p_value"":0.3925307635085699,""samples_analyzed"":196608,""value_pairs_analyzed"":117}","{""channels_analyzed"":3,""groups_analyzed"":49152,""regular_groups"":19126,""rs_statistic"":0.241544952937358,""samples_analyzed"":196608,""singular_groups"":11684,""unchanged_groups"":18342}","{""channels"":[{""central_radius"":32,""central_total"":127649,""channel"":""R"",""histogram_total"":130560,""roughness"":0.148634145195027,""variation"":18973,""zero_difference_count"":9587,""zero_difference_fraction"":0.0734298406862745},{""central_radius"":32,""central_total"":127763,""channel"":""G"",""histogram_total"":130560,""roughness"":0.15573366311060322,""variation"":19897,""zero_difference_count"":10058,""zero_difference_fraction"":0.0770373774509804},{""central_radius"":32,""central_total"":127668,""channel"":""B"",""histogram_total"":130560,""roughness"":0.1503979070714666,""variation"":19201,""zero_difference_count"":9699,""zero_difference_fraction"":0.07428768382352942}],""raw_roughness"":0.1515885717923656,""score_normalization"":""raw_roughness / (1 + raw_roughness)""}",complete,
source-031,stego,stego,pair_031_stego.png,development,0.9586781233511737,0.18125327053898482,0.13108100518705226,0.9586781233511737,0.18125327053898482,0.15085526495512977,"{""chi_square"":196.91098906596676,""p_value"":0.9586781233511737,""samples_analyzed"":196608,""value_pairs_analyzed"":117}","{""channels_analyzed"":3,""groups_analyzed"":49152,""regular_groups"":18059,""rs_statistic"":0.18125327053898482,""samples_analyzed"":196608,""singular_groups"":12517,""unchanged_groups"":18576}","{""channels"":[{""central_radius"":32,""central_total"":127637,""channel"":""R"",""histogram_total"":130560,""roughness"":0.1485932762443492,""variation"":18966,""zero_difference_count"":9602,""zero_difference_fraction"":0.07354473039215687},{""central_radius"":32,""central_total"":127765,""channel"":""G"",""histogram_total"":130560,""roughness"":0.1539858333659453,""variation"":19674,""zero_difference_count"":9938,""zero_difference_fraction"":0.07611825980392156},{""central_radius"":32,""central_total"":127678,""channel"":""B"",""histogram_total"":130560,""roughness"":0.14998668525509484,""variation"":19150,""zero_difference_count"":9662,""zero_difference_fraction"":0.07400428921568628}],""raw_roughness"":0.15085526495512977,""score_normalization"":""raw_roughness / (1 + raw_roughness)""}",complete,
source-032,clean,clean,pair_032_clean.png,development,0.0,0.6217247961131355,0.5905903967324123,0.0,0.6217247961131355,1.4425416307257592,"{""chi_square"":96778.93548799685,""p_value"":0.0,""samples_analyzed"":196608,""value_pairs_analyzed"":122}","{""channels_analyzed"":3,""groups_analyzed"":49152,""regular_groups"":9346,""rs_statistic"":0.6217247961131355,""samples_analyzed"":196608,""singular_groups"":2180,""unchanged_groups"":37626}","{""channels"":[{""central_radius"":32,""central_total"":127913,""channel"":""R"",""histogram_total"":130560,""roughness"":1.4612900956118613,""variation"":186918,""zero_difference_count"":93310,""zero_difference_fraction"":0.7146905637254902},{""central_radius"":32,""central_total"":127917,""channel"":""G"",""histogram_total"":130560,""roughness"":1.4539662437361727,""variation"":185987,""zero_difference_count"":92829,""zero_difference_fraction"":0.7110064338235295},{""central_radius"":32,""central_total"":127808,""channel"":""B"",""histogram_total"":130560,""roughness"":1.4123685528292438,""variation"":180512,""zero_difference_count"":90199,""zero_difference_fraction"":0.6908624387254902}],""raw_roughness"":1.4425416307257592,""score_normalization"":""raw_roughness / (1 + raw_roughness)""}",complete,
source-032,stego,stego,pair_032_stego.png,development,0.0,0.5093418458360718,0.5362385942855601,0.0,0.5093418458360718,1.1562811990779323,"{""chi_square"":54269.53712794217,""p_value"":0.0,""samples_analyzed"":196608,""value_pairs_analyzed"":122}","{""channels_analyzed"":3,""groups_analyzed"":49152,""regular_groups"":8038,""rs_statistic"":0.5093418458360718,""samples_analyzed"":196608,""singular_groups"":2613,""unchanged_groups"":38501}","{""channels"":[{""central_radius"":32,""central_total"":127912,""channel"":""R"",""histogram_total"":130560,""roughness"":1.173275376821565,""variation"":150076,""zero_difference_count"":74906,""zero_difference_fraction"":0.5737285539215686},{""central_radius"":32,""central_total"":127920,""channel"":""G"",""histogram_total"":130560,""roughness"":1.1697936210131332,""variation"":149640,""zero_difference_count"":74688,""zero_difference_fraction"":0.5720588235294117},{""central_radius"":32,""central_total"":127808,""channel"":""B"",""histogram_total"":130560,""roughness"":1.1257745993990986,""variation"":143883,""zero_difference_count"":71878,""zero_difference_fraction"":0.5505361519607843}],""raw_roughness"":1.1562811990779323,""score_normalization"":""raw_roughness / (1 + raw_roughness)""}",complete,
source-033,clean,clean,pair_033_clean.png,development,0.0,0.8853275979646436,0.5171951222530498,0.0,0.8853275979646436,1.0712301099081365,"{""chi_square"":67240.3146307581,""p_value"":0.0,""samples_analyzed"":196608,""value_pairs_analyzed"":54}","{""channels_analyzed"":3,""groups_analyzed"":49152,""regular_groups"":17970,""rs_statistic"":0.8853275979646436,""samples_analyzed"":196608,""singular_groups"":1093,""unchanged_groups"":30089}","{""channels"":[{""central_radius"":32,""central_total"":130048,""channel"":""R"",""histogram_total"":130560,""roughness"":1.0756182332677164,""variation"":139882,""zero_difference_count"":69936,""zero_difference_fraction"":0.5356617647058823},{""central_radius"":32,""central_total"":130048,""channel"":""G"",""histogram_total"":130560,""roughness"":1.0779404527559056,""variation"":140184,""zero_difference_count"":70088,""zero_difference_fraction"":0.5368259803921569},{""central_radius"":32,""central_total"":130048,""channel"":""B"",""histogram_total"":130560,""roughness"":1.0601316437007875,""variation"":137868,""zero_difference_count"":68921,""zero_difference_fraction"":0.5278875612745098}],""raw_roughness"":1.0712301099081365,""score_normalization"":""raw_roughness / (1 + raw_roughness)""}",complete,
source-033,stego,stego,pair_033_stego.png,development,0.0,0.7580241160365818,0.4726629343180534,0.0,0.7580241160365818,0.8963203330052494,"{""chi_square"":37813.68873468202,""p_value"":0.0,""samples_analyzed"":196608,""value_pairs_analyzed"":54}","{""channels_analyzed"":3,""groups_analyzed"":49152,""regular_groups"":15090,""rs_statistic"":0.7580241160365818,""samples_analyzed"":196608,""singular_groups"":2077,""unchanged_groups"":31985}","{""channels"":[{""central_radius"":32,""central_total"":130048,""channel"":""R"",""histogram_total"":130560,""roughness"":0.8990834153543307,""variation"":116924,""zero_difference_count"":58450,""zero_difference_fraction"":0.44768688725490197},{""central_radius"":32,""central_total"":130048,""channel"":""G"",""histogram_total"":130560,""roughness"":0.8997600885826772,""variation"":117012,""zero_difference_count"":58501,""zero_difference_fraction"":0.44807751225490194},{""central_radius"":32,""central_total"":130048,""channel"":""B"",""histogram_total"":130560,""roughness"":0.8901174950787402,""variation"":115758,""zero_difference_count"":57863,""zero_difference_fraction"":0.4431908700980392}],""raw_roughness"":0.8963203330052494,""score_normalization"":""raw_roughness / (1 + raw_roughness)""}",complete,
source-034,clean,clean,pair_034_clean.png,development,0.7410659420112518,0.26470022443090735,0.15734260136300782,0.7410659420112518,0.26470022443090735,0.18672191286460105,"{""chi_square"":210.91746652801817,""p_value"":0.7410659420112518,""samples_analyzed"":196608,""value_pairs_analyzed"":113}","{""channels_analyzed"":3,""groups_analyzed"":49152,""regular_groups"":19723,""rs_statistic"":0.26470022443090735,""samples_analyzed"":196608,""singular_groups"":11467,""unchanged_groups"":17962}","{""channels"":[{""central_radius"":32,""central_total"":129237,""channel"":""R"",""histogram_total"":130560,""roughness"":0.19079675325177775,""variation"":24658,""zero_difference_count"":12359,""zero_difference_fraction"":0.09466145833333334},{""central_radius"":32,""central_total"":129182,""channel"":""G"",""histogram_total"":130560,""roughness"":0.1947020482729792,""variation"":25152,""zero_difference_count"":12578,""zero_difference_fraction"":0.09633884803921569},{""central_radius"":32,""central_total"":128204,""channel"":""B"",""histogram_total"":130560,""roughness"":0.1746669370690462,""variation"":22393,""zero_difference_count"":11272,""zero_difference_fraction"":0.08633578431372549}],""raw_roughness"":0.18672191286460105,""score_normalization"":""raw_roughness / (1 + raw_roughness)""}",complete,
source-034,stego,stego,pair_034_stego.png,development,0.9990039749762527,0.2016948056148522,0.1558015904295866,0.9990039749762527,0.2016948056148522,0.18455565500161183,"{""chi_square"":165.07682474137795,""p_value"":0.9990039749762527,""samples_analyzed"":196608,""value_pairs_analyzed"":113}","{""channels_analyzed"":3,""groups_analyzed"":49152,""regular_groups"":18577,""rs_statistic"":0.2016948056148522,""samples_analyzed"":196608,""singular_groups"":12341,""unchanged_groups"":18234}","{""channels"":[{""central_radius"":32,""central_total"":129237,""channel"":""R"",""histogram_total"":130560,""roughness"":0.1885373383783282,""variation"":24366,""zero_difference_count"":12215,""zero_difference_fraction"":0.09355851715686274},{""central_radius"":32,""central_total"":129176,""channel"":""G"",""histogram_total"":130560,""roughness"":0.19283767882578806,""variation"":24910,""zero_difference_count"":12507,""zero_difference_fraction"":0.09579503676470588},{""central_radius"":32,""central_total"":128201,""channel"":""B"",""histogram_total"":130560,""roughness"":0.1722919478007192,""variation"":22088,""zero_difference_count"":11101,""zero_difference_fraction"":0.08502604166666666}],""raw_roughness"":0.18455565500161183,""score_normalization"":""raw_roughness / (1 + raw_roughness)""}",complete,
source-035,clean,clean,pair_035_clean.png,development,0.0,0.3017189254556448,0.4002939376895658,0.0,0.3017189254556448,0.6674835604419087,"{""chi_square"":51695.03446138473,""p_value"":0.0,""samples_analyzed"":196608,""value_pairs_analyzed"":126}","{""channels_analyzed"":3,""groups_analyzed"":49152,""regular_groups"":15070,""rs_statistic"":0.3017189254556448,""samples_analyzed"":196608,""singular_groups"":8084,""unchanged_groups"":25998}","{""channels"":[{""central_radius"":32,""central_total"":127020,""channel"":""R"",""histogram_total"":130560,""roughness"":0.6621713116044717,""variation"":84109,""zero_difference_count"":42125,""zero_difference_fraction"":0.3226485906862745},{""central_radius"":32,""central_total"":127265,""channel"":""G"",""histogram_total"":130560,""roughness"":0.6749538364829293,""variation"":85898,""zero_difference_count"":42976,""zero_difference_fraction"":0.32916666666666666},{""central_radius"":32,""central_total"":127007,""channel"":""B"",""histogram_total"":130560,""roughness"":0.6653255332383254,""variation"":84501,""zero_difference_count"":42308,""zero_difference_fraction"":0.3240502450980392}],""raw_roughness"":0.6674835604419087,""score_normalization"":""raw_roughness / (1 + raw_roughness)""}",complete,
source-035,stego,stego,pair_035_stego.png,development,0.0,0.22703153093891154,0.35515998111606883,0.0,0.22703153093891154,0.5507722391838654,"{""chi_square"":29320.79285533602,""p_value"":0.0,""samples_analyzed"":196608,""value_pairs_analyzed"":126}","{""channels_analyzed"":3,""groups_analyzed"":49152,""regular_groups"":13990,""rs_statistic"":0.22703153093891154,""samples_analyzed"":196608,""singular_groups"":8813,""unchanged_groups"":26349}","{""channels"":[{""central_radius"":32,""central_total"":127027,""channel"":""R"",""histogram_total"":130560,""roughness"":0.5480173506419895,""variation"":69613,""zero_difference_count"":34857,""zero_difference_fraction"":0.26698069852941175},{""central_radius"":32,""central_total"":127261,""channel"":""G"",""histogram_total"":130560,""roughness"":0.5554804692718115,""variation"":70691,""zero_difference_count"":35329,""zero_difference_fraction"":0.2705958946078431},{""central_radius"":32,""central_total"":127000,""channel"":""B"",""histogram_total"":130560,""roughness"":0.5488188976377952,""variation"":69700,""zero_difference_count"":34868,""zero_difference_fraction"":0.2670649509803922}],""raw_roughness"":0.5507722391838654,""score_normalization"":""raw_roughness / (1 + raw_roughness)""}",complete,
source-036,clean,clean,pair_036_clean.png,development,0.0,0.44819607507070014,0.3918547945168362,0.0,0.44819607507070014,0.6443441319339391,"{""chi_square"":44698.98943170516,""p_value"":0.0,""samples_analyzed"":196608,""value_pairs_analyzed"":118}","{""channels_analyzed"":3,""groups_analyzed"":49152,""regular_groups"":16899,""rs_statistic"":0.44819607507070014,""samples_analyzed"":196608,""singular_groups"":6439,""unchanged_groups"":25814}","{""channels"":[{""central_radius"":32,""central_total"":129568,""channel"":""R"",""histogram_total"":130560,""roughness"":0.6340454433193381,""variation"":82152,""zero_difference_count"":41057,""zero_difference_fraction"":0.31446844362745097},{""central_radius"":32,""central_total"":129636,""channel"":""G"",""histogram_total"":130560,""roughness"":0.6553195100126508,""variation"":84953,""zero_difference_count"":42448,""zero_difference_fraction"":0.32512254901960785},{""central_radius"":32,""central_total"":129758,""channel"":""B"",""histogram_total"":130560,""roughness"":0.6436674424698284,""variation"":83521,""zero_difference_count"":41738,""zero_difference_fraction"":0.3196844362745098}],""raw_roughness"":0.6443441319339391,""score_normalization"":""raw_roughness / (1 + raw_roughness)""}",complete,
source-036,stego,stego,pair_036_stego.png,development,0.0,0.34685240698289543,0.35105934470104394,0.0,0.34685240698289543,0.5409729562086333,"{""chi_square"":25114.553908074842,""p_value"":0.0,""samples_analyzed"":196608,""value_pairs_analyzed"":118}","{""channels_analyzed"":3,""groups_analyzed"":49152,""regular_groups"":15276,""rs_statistic"":0.34685240698289543,""samples_analyzed"":196608,""singular_groups"":7408,""unchanged_groups"":26468}","{""channels"":[{""central_radius"":32,""central_total"":129565,""channel"":""R"",""histogram_total"":130560,""roughness"":0.5323505576351638,""variation"":68974,""zero_difference_count"":34485,""zero_difference_fraction"":0.26413143382352944},{""central_radius"":32,""central_total"":129639,""channel"":""G"",""histogram_total"":130560,""roughness"":0.5517398313779033,""variation"":71527,""zero_difference_count"":35722,""zero_difference_fraction"":0.2736060049019608},{""central_radius"":32,""central_total"":129763,""channel"":""B"",""histogram_total"":130560,""roughness"":0.5388284796128326,""variation"":69920,""zero_difference_count"":34953,""zero_difference_fraction"":0.2677159926470588}],""raw_roughness"":0.5409729562086333,""score_normalization"":""raw_roughness / (1 + raw_roughness)""}",complete,
source-037,clean,clean,pair_037_clean.png,development,0.0,0.19143272023233301,0.3685681591154806,0.0,0.19143272023233301,0.583702207033438,"{""chi_square"":41493.00390987265,""p_value"":0.0,""samples_analyzed"":196608,""value_pairs_analyzed"":128}","{""channels_analyzed"":3,""groups_analyzed"":49152,""regular_groups"":14769,""rs_statistic"":0.19143272023233301,""samples_analyzed"":196608,""singular_groups"":10023,""unchanged_groups"":24360}","{""channels"":[{""central_radius"":32,""central_total"":122137,""channel"":""R"",""histogram_total"":130560,""roughness"":0.6377592375774744,""variation"":77894,""zero_difference_count"":39083,""zero_difference_fraction"":0.29934895833333336},{""central_radius"":32,""central_total"":122882,""channel"":""G"",""histogram_total"":130560,""roughness"":0.5613840920557933,""variation"":68984,""zero_difference_count"":34642,""zero_difference_fraction"":0.26533394607843136},{""central_radius"":32,""central_total"":123568,""channel"":""B"",""histogram_total"":130560,""roughness"":0.5519632914670465,""variation"":68205,""zero_difference_count"":34195,""zero_difference_fraction"":0.26191023284313725}],""raw_roughness"":0.583702207033438,""score_normalization"":""raw_roughness / (1 + raw_roughness)""}",complete,
source-037,stego,stego,pair_037_stego.png,development,0.0,0.1387057387057387,0.32445706522782597,0.0,0.1387057387057387,0.48029081280710706,"{""chi_square"":23301.595967486894,""p_value"":0.0,""samples_analyzed"":196608,""value_pairs_analyzed"":128}","{""channels_analyzed"":3,""groups_analyzed"":49152,""regular_groups"":13989,""rs_statistic"":0.1387057387057387,""samples_analyzed"":196608,""singular_groups"":10581,""unchanged_groups"":24582}","{""channels"":[{""central_radius"":32,""central_total"":122148,""channel"":""R"",""histogram_total"":130560,""roughness"":0.5233405377083538,""variation"":63925,""zero_difference_count"":32093,""zero_difference_fraction"":0.24581035539215687},{""central_radius"":32,""central_total"":122895,""channel"":""G"",""histogram_total"":130560,""roughness"":0.4603848814028236,""variation"":56579,""zero_difference_count"":28449,""zero_difference_fraction"":0.21789981617647058},{""central_radius"":32,""central_total"":123562,""channel"":""B"",""histogram_total"":130560,""roughness"":0.4571470193101439,""variation"":56486,""zero_difference_count"":28382,""zero_difference_fraction"":0.21738664215686274}],""raw_roughness"":0.48029081280710706,""score_normalization"":""raw_roughness / (1 + raw_roughness)""}",complete,
source-038,clean,clean,pair_038_clean.png,development,0.0,0.3594246285276186,0.2803014567950954,0.0,0.3594246285276186,0.3894706463443418,"{""chi_square"":18645.172926276107,""p_value"":0.0,""samples_analyzed"":196608,""value_pairs_analyzed"":116}","{""channels_analyzed"":3,""groups_analyzed"":49152,""regular_groups"":18618,""rs_statistic"":0.3594246285276186,""samples_analyzed"":196608,""singular_groups"":8773,""unchanged_groups"":21761}","{""channels"":[{""central_radius"":32,""central_total"":129185,""channel"":""R"",""histogram_total"":130560,""roughness"":0.3660409490265898,""variation"":47287,""zero_difference_count"":23657,""zero_difference_fraction"":0.18119638480392156},{""central_radius"":32,""central_total"":129361,""channel"":""G"",""histogram_total"":130560,""roughness"":0.40536946993297823,""variation"":52439,""zero_difference_count"":26170,""zero_difference_fraction"":0.20044424019607843},{""central_radius"":32,""central_total"":129599,""channel"":""B"",""histogram_total"":130560,""roughness"":0.39700152007345735,""variation"":51451,""zero_difference_count"":25664,""zero_difference_fraction"":0.1965686274509804}],""raw_roughness"":0.3894706463443418,""score_normalization"":""raw_roughness / (1 + raw_roughness)""}",complete,
source-038,stego,stego,pair_038_stego.png,development,0.0,0.2721427779625319,0.2570372823262264,0.0,0.2721427779625319,0.34596255802850195,"{""chi_square"":10612.246999133322,""p_value"":0.0,""samples_analyzed"":196608,""value_pairs_analyzed"":116}","{""channels_analyzed"":3,""groups_analyzed"":49152,""regular_groups"":17214,""rs_statistic"":0.2721427779625319,""samples_analyzed"":196608,""singular_groups"":9849,""unchanged_groups"":22089}","{""channels"":[{""central_radius"":32,""central_total"":129197,""channel"":""R"",""histogram_total"":130560,""roughness"":0.3235601445854006,""variation"":41803,""zero_difference_count"":20906,""zero_difference_fraction"":0.16012561274509804},{""central_radius"":32,""central_total"":129361,""channel"":""G"",""histogram_total"":130560,""roughness"":0.35972974853317463,""variation"":46535,""zero_difference_count"":23236,""zero_difference_fraction"":0.1779718137254902},{""central_radius"":32,""central_total"":129606,""channel"":""B"",""histogram_total"":130560,""roughness"":0.35459778096693056,""variation"":45958,""zero_difference_count"":22955,""zero_difference_fraction"":0.17581954656862744}],""raw_roughness"":0.34596255802850195,""score_normalization"":""raw_roughness / (1 + raw_roughness)""}",complete,
source-039,clean,clean,pair_039_clean.png,development,8.29194272718029e-174,0.7979700338327694,0.3959706057764841,8.29194272718029e-174,0.7979700338327694,0.6555485702570933,"{""chi_square"":1342.680595608475,""p_value"":8.29194272718029e-174,""samples_analyzed"":196608,""value_pairs_analyzed"":94}","{""channels_analyzed"":3,""groups_analyzed"":49152,""regular_groups"":26040,""rs_statistic"":0.7979700338327694,""samples_analyzed"":196608,""singular_groups"":2926,""unchanged_groups"":20186}","{""channels"":[{""central_radius"":32,""central_total"":130369,""channel"":""R"",""histogram_total"":130560,""roughness"":0.6502235961002999,""variation"":84769,""zero_difference_count"":42369,""zero_difference_fraction"":0.3245174632352941},{""central_radius"":32,""central_total"":130436,""channel"":""G"",""histogram_total"":130560,""roughness"":0.671164402465577,""variation"":87544,""zero_difference_count"":43724,""zero_difference_fraction"":0.33489583333333334},{""central_radius"":32,""central_total"":130475,""channel"":""B"",""histogram_total"":130560,""roughness"":0.6452577122054033,""variation"":84190,""zero_difference_count"":42051,""zero_difference_fraction"":0.32208180147058824}],""raw_roughness"":0.6555485702570933,""score_normalization"":""raw_roughness / (1 + raw_roughness)""}",complete,
source-039,stego,stego,pair_039_stego.png,development,3.2434397701005566e-73,0.6744953565123954,0.37327236003260306,3.2434397701005566e-73,0.6744953565123954,0.59558943347707,"{""chi_square"":778.9524022351909,""p_value"":3.2434397701005566e-73,""samples_analyzed"":196608,""value_pairs_analyzed"":94}","{""channels_analyzed"":3,""groups_analyzed"":49152,""regular_groups"":21817,""rs_statistic"":0.6744953565123954,""samples_analyzed"":196608,""singular_groups"":4241,""unchanged_groups"":23094}","{""channels"":[{""central_radius"":32,""central_total"":130372,""channel"":""R"",""histogram_total"":130560,""roughness"":0.5899809775105084,""variation"":76917,""zero_difference_count"":38419,""zero_difference_fraction"":0.29426317401960783},{""central_radius"":32,""central_total"":130432,""channel"":""G"",""histogram_total"":130560,""roughness"":0.6102183513248283,""variation"":79592,""zero_difference_count"":39722,""zero_difference_fraction"":0.3042432598039216},{""central_radius"":32,""central_total"":130474,""channel"":""B"",""histogram_total"":130560,""roughness"":0.5865689715958735,""variation"":76532,""zero_difference_count"":38257,""zero_difference_fraction"":0.29302236519607844}],""raw_roughness"":0.59558943347707,""score_normalization"":""raw_roughness / (1 + raw_roughness)""}",complete,
source-040,clean,clean,pair_040_clean.png,development,7.353431316663411e-10,0.4048107281189988,0.20296448790806906,7.353431316663411e-10,0.4048107281189988,0.2546492406283886,"{""chi_square"":382.9805761377287,""p_value"":7.353431316663411e-10,""samples_analyzed"":196608,""value_pairs_analyzed"":115}","{""channels_analyzed"":3,""groups_analyzed"":49152,""regular_groups"":21580,""rs_statistic"":0.4048107281189988,""samples_analyzed"":196608,""singular_groups"":9143,""unchanged_groups"":18429}","{""channels"":[{""central_radius"":32,""central_total"":129453,""channel"":""R"",""histogram_total"":130560,""roughness"":0.2467381984195036,""variation"":31941,""zero_difference_count"":15980,""zero_difference_fraction"":0.12239583333333333},{""central_radius"":32,""central_total"":129612,""channel"":""G"",""histogram_total"":130560,""roughness"":0.26204363793475915,""variation"":33964,""zero_difference_count"":17001,""zero_difference_fraction"":0.13021599264705883},{""central_radius"":32,""central_total"":129939,""channel"":""B"",""histogram_total"":130560,""roughness"":0.25516588553090297,""variation"":33156,""zero_difference_count"":16595,""zero_difference_fraction"":0.1271063112745098}],""raw_roughness"":0.2546492406283886,""score_normalization"":""raw_roughness / (1 + raw_roughness)""}",complete,
source-040,stego,stego,pair_040_stego.png,development,0.03915575165617664,0.31467558705660253,0.19839316335751278,0.03915575165617664,0.31467558705660253,0.2474943504579854,"{""chi_square"":268.0411741101783,""p_value"":0.03915575165617664,""samples_analyzed"":196608,""value_pairs_analyzed"":115}","{""channels_analyzed"":3,""groups_analyzed"":49152,""regular_groups"":19847,""rs_statistic"":0.31467558705660253,""samples_analyzed"":196608,""singular_groups"":10346,""unchanged_groups"":18959}","{""channels"":[{""central_radius"":32,""central_total"":129454,""channel"":""R"",""histogram_total"":130560,""roughness"":0.2413753147836297,""variation"":31247,""zero_difference_count"":15621,""zero_difference_fraction"":0.11964613970588235},{""central_radius"":32,""central_total"":129603,""channel"":""G"",""histogram_total"":130560,""roughness"":0.25354351365323335,""variation"":32860,""zero_difference_count"":16440,""zero_difference_fraction"":0.12591911764705882},{""central_radius"":32,""central_total"":129938,""channel"":""B"",""histogram_total"":130560,""roughness"":0.24756422293709307,""variation"":32168,""zero_difference_count"":16107,""zero_difference_fraction"":0.12336856617647059}],""raw_roughness"":0.2474943504579854,""score_normalization"":""raw_roughness / (1 + raw_roughness)""}",complete,
source-041,clean,clean,pair_041_clean.png,development,7.878670068476634e-102,0.43124658857118864,0.41403135896894794,7.878670068476634e-102,0.43124658857118864,0.7065759666599757,"{""chi_square"":1041.3663277096753,""p_value"":7.878670068476634e-102,""samples_analyzed"":196608,""value_pairs_analyzed"":118}","{""channels_analyzed"":3,""groups_analyzed"":49152,""regular_groups"":17044,""rs_statistic"":0.43124658857118864,""samples_analyzed"":196608,""singular_groups"":6773,""unchanged_groups"":25335}","{""channels"":[{""central_radius"":32,""central_total"":122213,""channel"":""R"",""histogram_total"":130560,""roughness"":0.719039709359888,""variation"":87876,""zero_difference_count"":44048,""zero_difference_fraction"":0.3373774509803922},{""central_radius"":32,""central_total"":122267,""channel"":""G"",""histogram_total"":130560,""roughness"":0.7198262818258402,""variation"":88011,""zero_difference_count"":44094,""zero_difference_fraction"":0.3377297794117647},{""central_radius"":32,""central_total"":121637,""channel"":""B"",""histogram_total"":130560,""roughness"":0.6808619087941992,""variation"":82818,""zero_difference_count"":41478,""zero_difference_fraction"":0.31769301470588235}],""raw_roughness"":0.7065759666599757,""score_normalization"":""raw_roughness / (1 + raw_roughness)""}",complete,
source-041,stego,stego,pair_041_stego.png,development,1.637216364278949e-39,0.3459454658495426,0.37270288452689554,1.637216364278949e-39,0.3459454658495426,0.5941409187667074,"{""chi_square"":642.1124267785137,""p_value"":1.637216364278949e-39,""samples_analyzed"":196608,""value_pairs_analyzed"":118}","{""channels_analyzed"":3,""groups_analyzed"":49152,""regular_groups"":15154,""rs_statistic"":0.3459454658495426,""samples_analyzed"":196608,""singular_groups"":7364,""unchanged_groups"":26634}","{""channels"":[{""central_radius"":32,""central_total"":122221,""channel"":""R"",""histogram_total"":130560,""roughness"":0.6063769728606377,""variation"":74112,""zero_difference_count"":37129,""zero_difference_fraction"":0.28438265931372547},{""central_radius"":32,""central_total"":122274,""channel"":""G"",""histogram_total"":130560,""roughness"":0.6059669267383091,""variation"":74094,""zero_difference_count"":37105,""zero_difference_fraction"":0.2841988357843137},{""central_radius"":32,""central_total"":121613,""channel"":""B"",""histogram_total"":130560,""roughness"":0.5700788567011751,""variation"":69329,""zero_difference_count"":34772,""zero_difference_fraction"":0.2663296568627451}],""raw_roughness"":0.5941409187667074,""score_normalization"":""raw_roughness / (1 + raw_roughness)""}",complete,
source-042,clean,clean,pair_042_clean.png,development,1.9685724805192254e-67,0.43981653232605983,0.3511983095695253,1.9685724805192254e-67,0.43981653232605983,0.5413030125376338,"{""chi_square"":819.7441225762751,""p_value"":1.9685724805192254e-67,""samples_analyzed"":196608,""value_pairs_analyzed"":115}","{""channels_analyzed"":3,""groups_analyzed"":49152,""regular_groups"":21346,""rs_statistic"":0.43981653232605983,""samples_analyzed"":196608,""singular_groups"":8305,""unchanged_groups"":19501}","{""channels"":[{""central_radius"":32,""central_total"":121503,""channel"":""R"",""histogram_total"":130560,""roughness"":0.540266495477478,""variation"":65644,""zero_difference_count"":32938,""zero_difference_fraction"":0.25228247549019606},{""central_radius"":32,""central_total"":121615,""channel"":""G"",""histogram_total"":130560,""roughness"":0.546215516178103,""variation"":66428,""zero_difference_count"":33261,""zero_difference_fraction"":0.2547564338235294},{""central_radius"":32,""central_total"":121276,""channel"":""B"",""histogram_total"":130560,""roughness"":0.5374270259573205,""variation"":65177,""zero_difference_count"":32683,""zero_difference_fraction"":0.25032935049019606}],""raw_roughness"":0.5413030125376338,""score_normalization"":""raw_roughness / (1 + raw_roughness)""}",complete,
source-042,stego,stego,pair_042_stego.png,development,8.466556981009959e-22,0.36177265357593225,0.32235131477421713,8.466556981009959e-22,0.36177265357593225,0.47569090267889225,"{""chi_square"":496.2033447104737,""p_value"":8.466556981009959e-22,""samples_analyzed"":196608,""value_pairs_analyzed"":115}","{""channels_analyzed"":3,""groups_analyzed"":49152,""regular_groups"":18898,""rs_statistic"":0.36177265357593225,""samples_analyzed"":196608,""singular_groups"":8857,""unchanged_groups"":21397}","{""channels"":[{""central_radius"":32,""central_total"":121496,""channel"":""R"",""histogram_total"":130560,""roughness"":0.47433660367419506,""variation"":57630,""zero_difference_count"":28859,""zero_difference_fraction"":0.22104013480392157},{""central_radius"":32,""central_total"":121610,""channel"":""G"",""histogram_total"":130560,""roughness"":0.4814488940054272,""variation"":58549,""zero_difference_count"":29367,""zero_difference_fraction"":0.2249310661764706},{""central_radius"":32,""central_total"":121270,""channel"":""B"",""histogram_total"":130560,""roughness"":0.4712872103570545,""variation"":57153,""zero_difference_count"":28715,""zero_difference_fraction"":0.21993719362745098}],""raw_roughness"":0.47569090267889225,""score_normalization"":""raw_roughness / (1 + raw_roughness)""}",complete,
source-043,clean,clean,pair_043_clean.png,development,2.487915442088365e-221,0.5075126938620428,0.3521115076876113,2.487915442088365e-221,0.5075126938620428,0.5434754774403922,"{""chi_square"":1669.4247758587358,""p_value"":2.487915442088365e-221,""samples_analyzed"":196608,""value_pairs_analyzed"":110}","{""channels_analyzed"":3,""groups_analyzed"":49152,""regular_groups"":21822,""rs_statistic"":0.5075126938620428,""samples_analyzed"":196608,""singular_groups"":7129,""unchanged_groups"":20201}","{""channels"":[{""central_radius"":32,""central_total"":125071,""channel"":""R"",""histogram_total"":130560,""roughness"":0.5420441189404418,""variation"":67794,""zero_difference_count"":33952,""zero_difference_fraction"":0.26004901960784316},{""central_radius"":32,""central_total"":125129,""channel"":""G"",""histogram_total"":130560,""roughness"":0.5445020738597767,""variation"":68133,""zero_difference_count"":34134,""zero_difference_fraction"":0.2614430147058823},{""central_radius"":32,""central_total"":125250,""channel"":""B"",""histogram_total"":130560,""roughness"":0.5438802395209581,""variation"":68121,""zero_difference_count"":34134,""zero_difference_fraction"":0.2614430147058823}],""raw_roughness"":0.5434754774403922,""score_normalization"":""raw_roughness / (1 + raw_roughness)""}",complete,
source-043,stego,stego,pair_043_stego.png,development,5.158684735739657e-97,0.42424693194496094,0.3262766108058341,5.158684735739657e-97,0.42424693194496094,0.48428867995230274,"{""chi_square"":981.9942633641783,""p_value"":5.158684735739657e-97,""samples_analyzed"":196608,""value_pairs_analyzed"":110}","{""channels_analyzed"":3,""groups_analyzed"":49152,""regular_groups"":19149,""rs_statistic"":0.42424693194496094,""samples_analyzed"":196608,""singular_groups"":7741,""unchanged_groups"":22262}","{""channels"":[{""central_radius"":32,""central_total"":125075,""channel"":""R"",""histogram_total"":130560,""roughness"":0.4826384169498301,""variation"":60366,""zero_difference_count"":30211,""zero_difference_fraction"":0.2313955269607843},{""central_radius"":32,""central_total"":125133,""channel"":""G"",""histogram_total"":130560,""roughness"":0.48405296764242844,""variation"":60571,""zero_difference_count"":30371,""zero_difference_fraction"":0.23262101715686276},{""central_radius"":32,""central_total"":125241,""channel"":""B"",""histogram_total"":130560,""roughness"":0.48617465526464976,""variation"":60889,""zero_difference_count"":30468,""zero_difference_fraction"":0.2333639705882353}],""raw_roughness"":0.48428867995230274,""score_normalization"":""raw_roughness / (1 + raw_roughness)""}",complete,
source-044,clean,clean,pair_044_clean.png,development,0.0,0.3665589526887066,0.366068021561098,0.0,0.3665589526887066,0.577456310789943,"{""chi_square"":39421.65971443792,""p_value"":0.0,""samples_analyzed"":196608,""value_pairs_analyzed"":116}","{""channels_analyzed"":3,""groups_analyzed"":49152,""regular_groups"":16493,""rs_statistic"":0.3665589526887066,""samples_analyzed"":196608,""singular_groups"":7645,""unchanged_groups"":25014}","{""channels"":[{""central_radius"":32,""central_total"":128687,""channel"":""R"",""histogram_total"":130560,""roughness"":0.5640896127813998,""variation"":72591,""zero_difference_count"":36371,""zero_difference_fraction"":0.2785768995098039},{""central_radius"":32,""central_total"":128852,""channel"":""G"",""histogram_total"":130560,""roughness"":0.589598919690808,""variation"":75971,""zero_difference_count"":37993,""zero_difference_fraction"":0.29100030637254903},{""central_radius"":32,""central_total"":128933,""channel"":""B"",""histogram_total"":130560,""roughness"":0.5786803998976212,""variation"":74611,""zero_difference_count"":37347,""zero_difference_fraction"":0.28605238970588237}],""raw_roughness"":0.577456310789943,""score_normalization"":""raw_roughness / (1 + raw_roughness)""}",complete,
source-044,stego,stego,pair_044_stego.png,development,0.0,0.28011611030478956,0.3266702993359594,0.0,0.28011611030478956,0.4851565273502651,"{""chi_square"":22265.445576258462,""p_value"":0.0,""samples_analyzed"":196608,""value_pairs_analyzed"":116}","{""channels_analyzed"":3,""groups_analyzed"":49152,""regular_groups"":14994,""rs_statistic"":0.28011611030478956,""samples_analyzed"":196608,""singular_groups"":8432,""unchanged_groups"":25726}","{""channels"":[{""central_radius"":32,""central_total"":128680,""channel"":""R"",""histogram_total"":130560,""roughness"":0.47432390425862603,""variation"":61036,""zero_difference_count"":30605,""zero_difference_fraction"":0.23441329656862744},{""central_radius"":32,""central_total"":128849,""channel"":""G"",""histogram_total"":130560,""roughness"":0.49487384457776157,""variation"":63764,""zero_difference_count"":31931,""zero_difference_fraction"":0.24456954656862745},{""central_radius"":32,""central_total"":128932,""channel"":""B"",""histogram_total"":130560,""roughness"":0.4862718332144076,""variation"":62696,""zero_difference_count"":31362,""zero_difference_fraction"":0.24021139705882352}],""raw_roughness"":0.4851565273502651,""score_normalization"":""raw_roughness / (1 + raw_roughness)""}",complete,
source-045,clean,clean,pair_045_clean.png,development,0.0,0.3202568120924119,0.4722703324986018,0.0,0.3202568120924119,0.8949095750758612,"{""chi_square"":73151.66031205785,""p_value"":0.0,""samples_analyzed"":196608,""value_pairs_analyzed"":93}","{""channels_analyzed"":3,""groups_analyzed"":49152,""regular_groups"":13058,""rs_statistic"":0.3202568120924119,""samples_analyzed"":196608,""singular_groups"":6723,""unchanged_groups"":29371}","{""channels"":[{""central_radius"":32,""central_total"":127317,""channel"":""R"",""histogram_total"":130560,""roughness"":0.8939968739445636,""variation"":113821,""zero_difference_count"":56981,""zero_difference_fraction"":0.4364353553921569},{""central_radius"":32,""central_total"":127009,""channel"":""G"",""histogram_total"":130560,""roughness"":0.8994795644403153,""variation"":114242,""zero_difference_count"":57149,""zero_difference_fraction"":0.43772212009803924},{""central_radius"":32,""central_total"":127359,""channel"":""B"",""histogram_total"":130560,""roughness"":0.8912522868427045,""variation"":113509,""zero_difference_count"":56786,""zero_difference_fraction"":0.43494178921568627}],""raw_roughness"":0.8949095750758612,""score_normalization"":""raw_roughness / (1 + raw_roughness)""}",complete,
source-045,stego,stego,pair_045_stego.png,development,0.0,0.2404749612803304,0.42048829411549293,0.0,0.2404749612803304,0.7255906823723307,"{""chi_square"":41309.60940541539,""p_value"":0.0,""samples_analyzed"":196608,""value_pairs_analyzed"":93}","{""channels_analyzed"":3,""groups_analyzed"":49152,""regular_groups"":12014,""rs_statistic"":0.2404749612803304,""samples_analyzed"":196608,""singular_groups"":7356,""unchanged_groups"":29782}","{""channels"":[{""central_radius"":32,""central_total"":127324,""channel"":""R"",""histogram_total"":130560,""roughness"":0.7236184851245641,""variation"":92134,""zero_difference_count"":46117,""zero_difference_fraction"":0.35322457107843136},{""central_radius"":32,""central_total"":127009,""channel"":""G"",""histogram_total"":130560,""roughness"":0.7321528395625507,""variation"":92990,""zero_difference_count"":46556,""zero_difference_fraction"":0.35658700980392155},{""central_radius"":32,""central_total"":127348,""channel"":""B"",""histogram_total"":130560,""roughness"":0.7210007224298772,""variation"":91818,""zero_difference_count"":45917,""zero_difference_fraction"":0.3516927083333333}],""raw_roughness"":0.7255906823723307,""score_normalization"":""raw_roughness / (1 + raw_roughness)""}",complete,
source-046,clean,clean,pair_046_clean.png,development,1.5607408464465684e-267,0.3275134168157424,0.2948092785739149,1.5607408464465684e-267,0.3275134168157424,0.4180560940701706,"{""chi_square"":1988.6564625173166,""p_value"":1.5607408464465684e-267,""samples_analyzed"":196608,""value_pairs_analyzed"":126}","{""channels_analyzed"":3,""groups_analyzed"":49152,""regular_groups"":18552,""rs_statistic"":0.3275134168157424,""samples_analyzed"":196608,""singular_groups"":9398,""unchanged_groups"":21202}","{""channels"":[{""central_radius"":32,""central_total"":123529,""channel"":""R"",""histogram_total"":130560,""roughness"":0.420039019177683,""variation"":51887,""zero_difference_count"":26027,""zero_difference_fraction"":0.19934895833333333},{""central_radius"":32,""central_total"":124778,""channel"":""G"",""histogram_total"":130560,""roughness"":0.4238567696228502,""variation"":52888,""zero_difference_count"":26563,""zero_difference_fraction"":0.20345435049019608},{""central_radius"":32,""central_total"":125948,""channel"":""B"",""histogram_total"":130560,""roughness"":0.41027249340997873,""variation"":51673,""zero_difference_count"":25917,""zero_difference_fraction"":0.19850643382352942}],""raw_roughness"":0.4180560940701706,""score_normalization"":""raw_roughness / (1 + raw_roughness)""}",complete,
source-046,stego,stego,pair_046_stego.png,development,1.7600173828421731e-130,0.25274076261489054,0.2681966029693649,1.7600173828421731e-130,0.25274076261489054,0.36648723421836954,"{""chi_square"":1240.0916422437017,""p_value"":1.7600173828421731e-130,""samples_analyzed"":196608,""value_pairs_analyzed"":126}","{""channels_analyzed"":3,""groups_analyzed"":49152,""regular_groups"":16969,""rs_statistic"":0.25274076261489054,""samples_analyzed"":196608,""singular_groups"":10122,""unchanged_groups"":22061}","{""channels"":[{""central_radius"":32,""central_total"":123518,""channel"":""R"",""histogram_total"":130560,""roughness"":0.36698294985346264,""variation"":45329,""zero_difference_count"":22755,""zero_difference_fraction"":0.1742876838235294},{""central_radius"":32,""central_total"":124761,""channel"":""G"",""histogram_total"":130560,""roughness"":0.37205536986718607,""variation"":46418,""zero_difference_count"":23360,""zero_difference_fraction"":0.17892156862745098},{""central_radius"":32,""central_total"":125938,""channel"":""B"",""histogram_total"":130560,""roughness"":0.3604233829344598,""variation"":45391,""zero_difference_count"":22811,""zero_difference_fraction"":0.17471660539215686}],""raw_roughness"":0.36648723421836954,""score_normalization"":""raw_roughness / (1 + raw_roughness)""}",complete,
source-047,clean,clean,pair_047_clean.png,development,5.473491529942015e-07,0.21117897464371646,0.12980579960263167,5.473491529942015e-07,0.21117897464371646,0.1491687712275682,"{""chi_square"":358.6599191858092,""p_value"":5.473491529942015e-07,""samples_analyzed"":196608,""value_pairs_analyzed"":119}","{""channels_analyzed"":3,""groups_analyzed"":49152,""regular_groups"":19632,""rs_statistic"":0.21117897464371646,""samples_analyzed"":196608,""singular_groups"":12786,""unchanged_groups"":16734}","{""channels"":[{""central_radius"":32,""central_total"":127074,""channel"":""R"",""histogram_total"":130560,""roughness"":0.13702252230983522,""variation"":17412,""zero_difference_count"":8819,""zero_difference_fraction"":0.06754748774509804},{""central_radius"":32,""central_total"":128505,""channel"":""G"",""histogram_total"":130560,""roughness"":0.14797867787245633,""variation"":19016,""zero_difference_count"":9580,""zero_difference_fraction"":0.07337622549019608},{""central_radius"":32,""central_total"":129559,""channel"":""B"",""histogram_total"":130560,""roughness"":0.16250511350041294,""variation"":21054,""zero_difference_count"":10516,""zero_difference_fraction"":0.08054534313725491}],""raw_roughness"":0.1491687712275682,""score_normalization"":""raw_roughness / (1 + raw_roughness)""}",complete,
source-047,stego,stego,pair_047_stego.png,development,0.3471945520578543,0.1583009199234426,0.12860398929411956,0.3471945520578543,0.1583009199234426,0.1475838628064673,"{""chi_square"":244.97699066852473,""p_value"":0.3471945520578543,""samples_analyzed"":196608,""value_pairs_analyzed"":119}","{""channels_analyzed"":3,""groups_analyzed"":49152,""regular_groups"":18761,""rs_statistic"":0.1583009199234426,""samples_analyzed"":196608,""singular_groups"":13633,""unchanged_groups"":16758}","{""channels"":[{""central_radius"":32,""central_total"":127078,""channel"":""R"",""histogram_total"":130560,""roughness"":0.13577487842112718,""variation"":17254,""zero_difference_count"":8751,""zero_difference_fraction"":0.06702665441176471},{""central_radius"":32,""central_total"":128490,""channel"":""G"",""histogram_total"":130560,""roughness"":0.14712428982800219,""variation"":18904,""zero_difference_count"":9523,""zero_difference_fraction"":0.07293964460784313},{""central_radius"":32,""central_total"":129557,""channel"":""B"",""histogram_total"":130560,""roughness"":0.15985242017027254,""variation"":20710,""zero_difference_count"":10374,""zero_difference_fraction"":0.07945772058823529}],""raw_roughness"":0.1475838628064673,""score_normalization"":""raw_roughness / (1 + raw_roughness)""}",complete,
source-048,clean,clean,pair_048_clean.png,development,6.759610758955644e-09,0.48761980830670926,0.2497617445066871,6.759610758955644e-09,0.48761980830670926,0.3329099025248431,"{""chi_square"":346.6573490056469,""p_value"":6.759610758955644e-09,""samples_analyzed"":196608,""value_pairs_analyzed"":105}","{""channels_analyzed"":3,""groups_analyzed"":49152,""regular_groups"":22350,""rs_statistic"":0.48761980830670926,""samples_analyzed"":196608,""singular_groups"":7698,""unchanged_groups"":19104}","{""channels"":[{""central_radius"":32,""central_total"":129890,""channel"":""R"",""histogram_total"":130560,""roughness"":0.33129571175610134,""variation"":43032,""zero_difference_count"":21532,""zero_difference_fraction"":0.1649203431372549},{""central_radius"":32,""central_total"":130015,""channel"":""G"",""histogram_total"":130560,""roughness"":0.338345575510518,""variation"":43990,""zero_difference_count"":22001,""zero_difference_fraction"":0.1685125612745098},{""central_radius"":32,""central_total"":130038,""channel"":""B"",""histogram_total"":130560,""roughness"":0.32908842030790997,""variation"":42794,""zero_difference_count"":21416,""zero_difference_fraction"":0.16403186274509804}],""raw_roughness"":0.3329099025248431,""score_normalization"":""raw_roughness / (1 + raw_roughness)""}",complete,
source-048,stego,stego,pair_048_stego.png,development,2.550691572952796e-05,0.39074892959921387,0.24079346498352994,2.550691572952796e-05,0.39074892959921387,0.31716463686433655,"{""chi_square"":302.28181065281274,""p_value"":2.550691572952796e-05,""samples_analyzed"":196608,""value_pairs_analyzed"":105}","{""channels_analyzed"":3,""groups_analyzed"":49152,""regular_groups"":19814,""rs_statistic"":0.39074892959921387,""samples_analyzed"":196608,""singular_groups"":8680,""unchanged_groups"":20658}","{""channels"":[{""central_radius"":32,""central_total"":129893,""channel"":""R"",""histogram_total"":130560,""roughness"":0.31736891133471395,""variation"":41224,""zero_difference_count"":20616,""zero_difference_fraction"":0.15790441176470588},{""central_radius"":32,""central_total"":130011,""channel"":""G"",""histogram_total"":130560,""roughness"":0.3207420910538339,""variation"":41700,""zero_difference_count"":20878,""zero_difference_fraction"":0.15991115196078431},{""central_radius"":32,""central_total"":130039,""channel"":""B"",""histogram_total"":130560,""roughness"":0.31338290820446174,""variation"":40752,""zero_difference_count"":20369,""zero_difference_fraction"":0.1560125612745098}],""raw_roughness"":0.31716463686433655,""score_normalization"":""raw_roughness / (1 + raw_roughness)""}",complete,
source-049,clean,clean,pair_049_clean.png,development,0.0,0.20757788126780305,0.4225429778466104,0.0,0.20757788126780305,0.7317306078830063,"{""chi_square"":59527.084004889184,""p_value"":0.0,""samples_analyzed"":196608,""value_pairs_analyzed"":128}","{""channels_analyzed"":3,""groups_analyzed"":49152,""regular_groups"":13354,""rs_statistic"":0.20757788126780305,""samples_analyzed"":196608,""singular_groups"":8763,""unchanged_groups"":27035}","{""channels"":[{""central_radius"":32,""central_total"":120505,""channel"":""R"",""histogram_total"":130560,""roughness"":0.7336625036305547,""variation"":88410,""zero_difference_count"":44344,""zero_difference_fraction"":0.33964460784313727},{""central_radius"":32,""central_total"":121005,""channel"":""G"",""histogram_total"":130560,""roughness"":0.7342258584356018,""variation"":88845,""zero_difference_count"":44506,""zero_difference_fraction"":0.34088541666666666},{""central_radius"":32,""central_total"":121274,""channel"":""B"",""histogram_total"":130560,""roughness"":0.727303461582862,""variation"":88203,""zero_difference_count"":44170,""zero_difference_fraction"":0.33831188725490197}],""raw_roughness"":0.7317306078830063,""score_normalization"":""raw_roughness / (1 + raw_roughness)""}",complete,
source-049,stego,stego,pair_049_stego.png,development,0.0,0.16153254625231828,0.37115954343449026,0.0,0.16153254625231828,0.5902284745826059,"{""chi_square"":33426.003785499975,""p_value"":0.0,""samples_analyzed"":196608,""value_pairs_analyzed"":128}","{""channels_analyzed"":3,""groups_analyzed"":49152,""regular_groups"":12839,""rs_statistic"":0.16153254625231828,""samples_analyzed"":196608,""singular_groups"":9268,""unchanged_groups"":27045}","{""channels"":[{""central_radius"":32,""central_total"":120495,""channel"":""R"",""histogram_total"":130560,""roughness"":0.5963400970994647,""variation"":71856,""zero_difference_count"":36055,""zero_difference_fraction"":0.27615655637254904},{""central_radius"":32,""central_total"":121009,""channel"":""G"",""histogram_total"":130560,""roughness"":0.5894933434703203,""variation"":71334,""zero_difference_count"":35696,""zero_difference_fraction"":0.273406862745098},{""central_radius"":32,""central_total"":121270,""channel"":""B"",""histogram_total"":130560,""roughness"":0.5848519831780324,""variation"":70925,""zero_difference_count"":35525,""zero_difference_fraction"":0.2720971200980392}],""raw_roughness"":0.5902284745826059,""score_normalization"":""raw_roughness / (1 + raw_roughness)""}",complete,
source-050,clean,clean,pair_050_clean.png,development,0.0,0.46051479600770445,0.43726509471296043,0.0,0.46051479600770445,0.7770356709788963,"{""chi_square"":46867.31764686309,""p_value"":0.0,""samples_analyzed"":196608,""value_pairs_analyzed"":99}","{""channels_analyzed"":3,""groups_analyzed"":49152,""regular_groups"":16682,""rs_statistic"":0.46051479600770445,""samples_analyzed"":196608,""singular_groups"":6162,""unchanged_groups"":26308}","{""channels"":[{""central_radius"":32,""central_total"":127568,""channel"":""R"",""histogram_total"":130560,""roughness"":0.7770208829800577,""variation"":99123,""zero_difference_count"":49594,""zero_difference_fraction"":0.3798560049019608},{""central_radius"":32,""central_total"":127790,""channel"":""G"",""histogram_total"":130560,""roughness"":0.7873542530714454,""variation"":100616,""zero_difference_count"":50337,""zero_difference_fraction"":0.385546875},{""central_radius"":32,""central_total"":128303,""channel"":""B"",""histogram_total"":130560,""roughness"":0.7667318768851858,""variation"":98374,""zero_difference_count"":49230,""zero_difference_fraction"":0.37706801470588236}],""raw_roughness"":0.7770356709788963,""score_normalization"":""raw_roughness / (1 + raw_roughness)""}",complete,
source-050,stego,stego,pair_050_stego.png,development,0.0,0.3604819713716253,0.39525150078712973,0.0,0.3604819713716253,0.6535799614245954,"{""chi_square"":26737.58015198637,""p_value"":0.0,""samples_analyzed"":196608,""value_pairs_analyzed"":99}","{""channels_analyzed"":3,""groups_analyzed"":49152,""regular_groups"":15017,""rs_statistic"":0.3604819713716253,""samples_analyzed"":196608,""singular_groups"":7059,""unchanged_groups"":27076}","{""channels"":[{""central_radius"":32,""central_total"":127567,""channel"":""R"",""histogram_total"":130560,""roughness"":0.6515713311436343,""variation"":83119,""zero_difference_count"":41606,""zero_difference_fraction"":0.3186734068627451},{""central_radius"":32,""central_total"":127790,""channel"":""G"",""histogram_total"":130560,""roughness"":0.6642069019485093,""variation"":84879,""zero_difference_count"":42450,""zero_difference_fraction"":0.3251378676470588},{""central_radius"":32,""central_total"":128296,""channel"":""B"",""histogram_total"":130560,""roughness"":0.6449616511816425,""variation"":82746,""zero_difference_count"":41405,""zero_difference_fraction"":0.3171338848039216}],""raw_roughness"":0.6535799614245954,""score_normalization"":""raw_roughness / (1 + raw_roughness)""}",complete,
source-051,clean,clean,pair_051_clean.png,development,0.0,0.24735528348983715,0.3598697276988729,0.0,0.24735528348983715,0.5621820171153922,"{""chi_square"":13969.013189971894,""p_value"":0.0,""samples_analyzed"":65536,""value_pairs_analyzed"":104}","{""channels_analyzed"":1,""groups_analyzed"":16384,""regular_groups"":5247,""rs_statistic"":0.24735528348983715,""samples_analyzed"":65536,""singular_groups"":3166,""unchanged_groups"":7971}","{""channels"":[{""central_radius"":32,""central_total"":127955,""channel"":""L"",""histogram_total"":130560,""roughness"":0.5621820171153922,""variation"":71934,""zero_difference_count"":35985,""zero_difference_fraction"":0.2756204044117647}],""raw_roughness"":0.5621820171153922,""score_normalization"":""raw_roughness / (1 + raw_roughness)""}",complete,
source-051,stego,stego,pair_051_stego.png,development,0.0,0.19179068650984157,0.31972054890659973,0.0,0.19179068650984157,0.46998413430351155,"{""chi_square"":8024.933308051295,""p_value"":0.0,""samples_analyzed"":65536,""value_pairs_analyzed"":104}","{""channels_analyzed"":1,""groups_analyzed"":16384,""regular_groups"":4965,""rs_statistic"":0.19179068650984157,""samples_analyzed"":65536,""singular_groups"":3367,""unchanged_groups"":8052}","{""channels"":[{""central_radius"":32,""central_total"":127949,""channel"":""L"",""histogram_total"":130560,""roughness"":0.46998413430351155,""variation"":60134,""zero_difference_count"":30070,""zero_difference_fraction"":0.2303155637254902}],""raw_roughness"":0.46998413430351155,""score_normalization"":""raw_roughness / (1 + raw_roughness)""}",complete,
source-052,clean,clean,pair_052_clean.png,development,0.0,0.48297567954220316,0.4586661011557629,0.0,0.48297567954220316,0.8472887105999232,"{""chi_square"":20584.202654947927,""p_value"":0.0,""samples_analyzed"":65536,""value_pairs_analyzed"":117}","{""channels_analyzed"":1,""groups_analyzed"":16384,""regular_groups"":5183,""rs_statistic"":0.48297567954220316,""samples_analyzed"":65536,""singular_groups"":1807,""unchanged_groups"":9394}","{""channels"":[{""central_radius"":32,""central_total"":127633,""channel"":""L"",""histogram_total"":130560,""roughness"":0.8472887105999232,""variation"":108142,""zero_difference_count"":54123,""zero_difference_fraction"":0.4145450367647059}],""raw_roughness"":0.8472887105999232,""score_normalization"":""raw_roughness / (1 + raw_roughness)""}",complete,
source-052,stego,stego,pair_052_stego.png,development,0.0,0.39382994732881865,0.4113664246773732,0.0,0.39382994732881865,0.6988497461292547,"{""chi_square"":11600.74814419794,""p_value"":0.0,""samples_analyzed"":65536,""value_pairs_analyzed"":117}","{""channels_analyzed"":1,""groups_analyzed"":16384,""regular_groups"":4631,""rs_statistic"":0.39382994732881865,""samples_analyzed"":65536,""singular_groups"":2014,""unchanged_groups"":9739}","{""channels"":[{""central_radius"":32,""central_total"":127624,""channel"":""L"",""histogram_total"":130560,""roughness"":0.6988497461292547,""variation"":89190,""zero_difference_count"":44644,""zero_difference_fraction"":0.3419424019607843}],""raw_roughness"":0.6988497461292547,""score_normalization"":""raw_roughness / (1 + raw_roughness)""}",complete,
source-053,clean,clean,pair_053_clean.png,development,0.9986349453929864,0.2384742308065612,0.13945159027924364,0.9986349453929864,0.2384742308065612,0.16204967518851726,"{""chi_square"":163.28171518698912,""p_value"":0.9986349453929864,""samples_analyzed"":65536,""value_pairs_analyzed"":111}","{""channels_analyzed"":1,""groups_analyzed"":16384,""regular_groups"":6380,""rs_statistic"":0.2384742308065612,""samples_analyzed"":65536,""singular_groups"":3923,""unchanged_groups"":6081}","{""channels"":[{""central_radius"":32,""central_total"":126381,""channel"":""L"",""histogram_total"":130560,""roughness"":0.16204967518851726,""variation"":20480,""zero_difference_count"":10414,""zero_difference_fraction"":0.0797640931372549}],""raw_roughness"":0.16204967518851726,""score_normalization"":""raw_roughness / (1 + raw_roughness)""}",complete,
source-053,stego,stego,pair_053_stego.png,development,0.9999984569958228,0.17387868010274649,0.13723254639048568,0.9999984569958228,0.17387868010274649,0.15906087534520824,"{""chi_square"":136.3646302898144,""p_value"":0.9999984569958228,""samples_analyzed"":65536,""value_pairs_analyzed"":111}","{""channels_analyzed"":1,""groups_analyzed"":16384,""regular_groups"":5941,""rs_statistic"":0.17387868010274649,""samples_analyzed"":65536,""singular_groups"":4181,""unchanged_groups"":6262}","{""channels"":[{""central_radius"":32,""central_total"":126373,""channel"":""L"",""histogram_total"":130560,""roughness"":0.15906087534520824,""variation"":20101,""zero_difference_count"":10204,""zero_difference_fraction"":0.07815563725490196}],""raw_roughness"":0.15906087534520824,""score_normalization"":""raw_roughness / (1 + raw_roughness)""}",complete,
source-054,clean,clean,pair_054_clean.png,development,6.490914803718351e-176,0.6641252833298991,0.34417048256428323,6.490914803718351e-176,0.6641252833298991,0.5247865084053923,"{""chi_square"":1239.6977123547526,""p_value"":6.490914803718351e-176,""samples_analyzed"":65536,""value_pairs_analyzed"":70}","{""channels_analyzed"":1,""groups_analyzed"":16384,""regular_groups"":8076,""rs_statistic"":0.6641252833298991,""samples_analyzed"":65536,""singular_groups"":1630,""unchanged_groups"":6678}","{""channels"":[{""central_radius"":32,""central_total"":130333,""channel"":""L"",""histogram_total"":130560,""roughness"":0.5247865084053923,""variation"":68397,""zero_difference_count"":34182,""zero_difference_fraction"":0.2618106617647059}],""raw_roughness"":0.5247865084053923,""score_normalization"":""raw_roughness / (1 + raw_roughness)""}",complete,
source-054,stego,stego,pair_054_stego.png,development,5.0689507528251e-80,0.5442586399108138,0.3254158859639134,5.0689507528251e-80,0.5442586399108138,0.48239482548280915,"{""chi_square"":724.7359059919236,""p_value"":5.0689507528251e-80,""samples_analyzed"":65536,""value_pairs_analyzed"":70}","{""channels_analyzed"":1,""groups_analyzed"":16384,""regular_groups"":6926,""rs_statistic"":0.5442586399108138,""samples_analyzed"":65536,""singular_groups"":2044,""unchanged_groups"":7414}","{""channels"":[{""central_radius"":32,""central_total"":130331,""channel"":""L"",""histogram_total"":130560,""roughness"":0.48239482548280915,""variation"":62871,""zero_difference_count"":31430,""zero_difference_fraction"":0.24073223039215685}],""raw_roughness"":0.48239482548280915,""score_normalization"":""raw_roughness / (1 + raw_roughness)""}",complete,
source-055,clean,clean,pair_055_clean.png,development,0.0,0.6011631466176921,0.4769719641205101,0.0,0.6011631466176921,0.911943397677459,"{""chi_square"":22708.150330722572,""p_value"":0.0,""samples_analyzed"":65536,""value_pairs_analyzed"":58}","{""channels_analyzed"":1,""groups_analyzed"":16384,""regular_groups"":5231,""rs_statistic"":0.6011631466176921,""samples_analyzed"":65536,""singular_groups"":1303,""unchanged_groups"":9850}","{""channels"":[{""central_radius"":32,""central_total"":130030,""channel"":""L"",""histogram_total"":130560,""roughness"":0.911943397677459,""variation"":118580,""zero_difference_count"":59269,""zero_difference_fraction"":0.45395986519607845}],""raw_roughness"":0.911943397677459,""score_normalization"":""raw_roughness / (1 + raw_roughness)""}",complete,
source-055,stego,stego,pair_055_stego.png,development,0.0,0.4744735162731334,0.43141996335634863,0.0,0.4744735162731334,0.758767342418556,"{""chi_square"":12954.33665614117,""p_value"":0.0,""samples_analyzed"":65536,""value_pairs_analyzed"":58}","{""channels_analyzed"":1,""groups_analyzed"":16384,""regular_groups"":4621,""rs_statistic"":0.4744735162731334,""samples_analyzed"":65536,""singular_groups"":1647,""unchanged_groups"":10116}","{""channels"":[{""central_radius"":32,""central_total"":130028,""channel"":""L"",""histogram_total"":130560,""roughness"":0.758767342418556,""variation"":98661,""zero_difference_count"":49314,""zero_difference_fraction"":0.3777113970588235}],""raw_roughness"":0.758767342418556,""score_normalization"":""raw_roughness / (1 + raw_roughness)""}",complete,
source-056,clean,clean,pair_056_clean.png,development,0.8939581245756406,0.4086116858803823,0.2083758435460278,0.8939581245756406,0.4086116858803823,0.2632257263085977,"{""chi_square"":197.05400174397047,""p_value"":0.8939581245756406,""samples_analyzed"":65536,""value_pairs_analyzed"":112}","{""channels_analyzed"":1,""groups_analyzed"":16384,""regular_groups"":7148,""rs_statistic"":0.4086116858803823,""samples_analyzed"":65536,""singular_groups"":3001,""unchanged_groups"":6235}","{""channels"":[{""central_radius"":32,""central_total"":128802,""channel"":""L"",""histogram_total"":130560,""roughness"":0.2632257263085977,""variation"":33904,""zero_difference_count"":16977,""zero_difference_fraction"":0.13003216911764706}],""raw_roughness"":0.2632257263085977,""score_normalization"":""raw_roughness / (1 + raw_roughness)""}",complete,
source-056,stego,stego,pair_056_stego.png,development,0.9998727387554451,0.3120502685720077,0.20401604440022006,0.9998727387554451,0.3120502685720077,0.25630672950749667,"{""chi_square"":153.8700418210698,""p_value"":0.9998727387554451,""samples_analyzed"":65536,""value_pairs_analyzed"":112}","{""channels_analyzed"":1,""groups_analyzed"":16384,""regular_groups"":6473,""rs_statistic"":0.3120502685720077,""samples_analyzed"":65536,""singular_groups"":3394,""unchanged_groups"":6517}","{""channels"":[{""central_radius"":32,""central_total"":128791,""channel"":""L"",""histogram_total"":130560,""roughness"":0.25630672950749667,""variation"":33010,""zero_difference_count"":16533,""zero_difference_fraction"":0.1266314338235294}],""raw_roughness"":0.25630672950749667,""score_normalization"":""raw_roughness / (1 + raw_roughness)""}",complete,
source-057,clean,clean,pair_057_clean.png,development,8.043191645961414e-52,0.6215098241985523,0.5499227898371024,8.043191645961414e-52,0.6215098241985523,1.2218410028760784,"{""chi_square"":741.2120334906868,""p_value"":8.043191645961414e-52,""samples_analyzed"":65536,""value_pairs_analyzed"":122}","{""channels_analyzed"":1,""groups_analyzed"":16384,""regular_groups"":4704,""rs_statistic"":0.6215098241985523,""samples_analyzed"":65536,""singular_groups"":1098,""unchanged_groups"":10582}","{""channels"":[{""central_radius"":32,""central_total"":127952,""channel"":""L"",""histogram_total"":130560,""roughness"":1.2218410028760784,""variation"":156337,""zero_difference_count"":78166,""zero_difference_fraction"":0.5986979166666667}],""raw_roughness"":1.2218410028760784,""score_normalization"":""raw_roughness / (1 + raw_roughness)""}",complete,
source-057,stego,stego,pair_057_stego.png,development,3.5488952176519177e-16,0.5263363246195865,0.49676495691197925,3.5488952176519177e-16,0.5263363246195865,0.987143013458803,"{""chi_square"":465.7312478481803,""p_value"":3.5488952176519177e-16,""samples_analyzed"":65536,""value_pairs_analyzed"":122}","{""channels_analyzed"":1,""groups_analyzed"":16384,""regular_groups"":3912,""rs_statistic"":0.5263363246195865,""samples_analyzed"":65536,""singular_groups"":1214,""unchanged_groups"":11258}","{""channels"":[{""central_radius"":32,""central_total"":127946,""channel"":""L"",""histogram_total"":130560,""roughness"":0.987143013458803,""variation"":126301,""zero_difference_count"":63179,""zero_difference_fraction"":0.4839077818627451}],""raw_roughness"":0.987143013458803,""score_normalization"":""raw_roughness / (1 + raw_roughness)""}",complete,
source-058,clean,clean,pair_058_clean.png,development,0.0,0.5071162969611489,0.40656532686748115,0.0,0.5071162969611489,0.6851054467737373,"{""chi_square"":14220.47481001772,""p_value"":0.0,""samples_analyzed"":65536,""value_pairs_analyzed"":114}","{""channels_analyzed"":1,""groups_analyzed"":16384,""regular_groups"":5877,""rs_statistic"":0.5071162969611489,""samples_analyzed"":65536,""singular_groups"":1922,""unchanged_groups"":8585}","{""channels"":[{""central_radius"":32,""central_total"":127268,""channel"":""L"",""histogram_total"":130560,""roughness"":0.6851054467737373,""variation"":87192,""zero_difference_count"":43553,""zero_difference_fraction"":0.3335860906862745}],""raw_roughness"":0.6851054467737373,""score_normalization"":""raw_roughness / (1 + raw_roughness)""}",complete,
source-058,stego,stego,pair_058_stego.png,development,0.0,0.41015572105619497,0.36638735791847765,0.0,0.41015572105619497,0.578251337780816,"{""chi_square"":8037.749777312668,""p_value"":0.0,""samples_analyzed"":65536,""value_pairs_analyzed"":114}","{""channels_analyzed"":1,""groups_analyzed"":16384,""regular_groups"":5207,""rs_statistic"":0.41015572105619497,""samples_analyzed"":65536,""singular_groups"":2178,""unchanged_groups"":8999}","{""channels"":[{""central_radius"":32,""central_total"":127263,""channel"":""L"",""histogram_total"":130560,""roughness"":0.578251337780816,""variation"":73590,""zero_difference_count"":36826,""zero_difference_fraction"":0.28206188725490194}],""raw_roughness"":0.578251337780816,""score_normalization"":""raw_roughness / (1 + raw_roughness)""}",complete,
source-059,clean,clean,pair_059_clean.png,development,4.748203008766074e-56,0.6617506631299734,0.3403361131530253,4.748203008766074e-56,0.6617506631299734,0.5159235179293279,"{""chi_square"":592.679910614487,""p_value"":4.748203008766074e-56,""samples_analyzed"":65536,""value_pairs_analyzed"":72}","{""channels_analyzed"":1,""groups_analyzed"":16384,""regular_groups"":7831,""rs_statistic"":0.6617506631299734,""samples_analyzed"":65536,""singular_groups"":1594,""unchanged_groups"":6959}","{""channels"":[{""central_radius"":32,""central_total"":130122,""channel"":""L"",""histogram_total"":130560,""roughness"":0.5159235179293279,""variation"":67133,""zero_difference_count"":33547,""zero_difference_fraction"":0.2569469975490196}],""raw_roughness"":0.5159235179293279,""score_normalization"":""raw_roughness / (1 + raw_roughness)""}",complete,
source-059,stego,stego,pair_059_stego.png,development,5.097765983672301e-19,0.5386724551582315,0.323649726852646,5.097765983672301e-19,0.5386724551582315,0.4785238355069512,"{""chi_square"":347.25849076686967,""p_value"":5.097765983672301e-19,""samples_analyzed"":65536,""value_pairs_analyzed"":72}","{""channels_analyzed"":1,""groups_analyzed"":16384,""regular_groups"":6734,""rs_statistic"":0.5386724551582315,""samples_analyzed"":65536,""singular_groups"":2019,""unchanged_groups"":7631}","{""channels"":[{""central_radius"":32,""central_total"":130121,""channel"":""L"",""histogram_total"":130560,""roughness"":0.4785238355069512,""variation"":62266,""zero_difference_count"":31108,""zero_difference_fraction"":0.238265931372549}],""raw_roughness"":0.4785238355069512,""score_normalization"":""raw_roughness / (1 + raw_roughness)""}",complete,
source-060,clean,clean,pair_060_clean.png,development,0.999863171816077,0.181002447203843,0.11603390812925662,0.999863171816077,0.181002447203843,0.13126511208557026,"{""chi_square"":155.83309940987266,""p_value"":0.999863171816077,""samples_analyzed"":65536,""value_pairs_analyzed"":113}","{""channels_analyzed"":1,""groups_analyzed"":16384,""regular_groups"":6515,""rs_statistic"":0.181002447203843,""samples_analyzed"":65536,""singular_groups"":4518,""unchanged_groups"":5351}","{""channels"":[{""central_radius"":32,""central_total"":122005,""channel"":""L"",""histogram_total"":130560,""roughness"":0.13126511208557026,""variation"":16015,""zero_difference_count"":8224,""zero_difference_fraction"":0.06299019607843137}],""raw_roughness"":0.13126511208557026,""score_normalization"":""raw_roughness / (1 + raw_roughness)""}",complete,
source-060,stego,stego,pair_060_stego.png,development,0.9999999966583485,0.13240418118466898,0.11442612716595164,0.9999999966583485,0.13240418118466898,0.12921127268554192,"{""chi_square"":122.84871496196988,""p_value"":0.9999999966583485,""samples_analyzed"":65536,""value_pairs_analyzed"":113}","{""channels_analyzed"":1,""groups_analyzed"":16384,""regular_groups"":6175,""rs_statistic"":0.13240418118466898,""samples_analyzed"":65536,""singular_groups"":4731,""unchanged_groups"":5478}","{""channels"":[{""central_radius"":32,""central_total"":121994,""channel"":""L"",""histogram_total"":130560,""roughness"":0.12921127268554192,""variation"":15763,""zero_difference_count"":8104,""zero_difference_fraction"":0.06207107843137255}],""raw_roughness"":0.12921127268554192,""score_normalization"":""raw_roughness / (1 + raw_roughness)""}",complete,
